{"parent":"minecraft:block/door_bottom","elements":[{"from":[0,0,0],"to":[3,16,3],"faces":{"north":{"uv":[13,0,16,16],"texture":"#bottom","cullface":"north"},"east":{"uv":[3,0,0,16],"texture":"#bottom"},"south":{"uv":[13,0,16,16],"texture":"#bottom"},"west":{"uv":[0,0,3,16],"texture":"#bottom","cullface":"west"}}},{"from":[0,0,0],"to":[3,3,16],"faces":{"east":{"uv":[16,13,0,16],"texture":"#bottom"},"west":{"uv":[0,13,16,16],"texture":"#bottom","cullface":"west"},"up":{"uv":[0,13,16,16],"texture":"#bottom","rotation":90},"down":{"uv":[0,13,16,16],"texture":"#bottom","cullface":"down","rotation":90}}},{"from":[0,6,3],"to":[3,9,13],"faces":{"east":{"uv":[13,7,3,10],"texture":"#bottom"},"west":{"uv":[3,7,13,10],"texture":"#bottom","cullface":"west"},"up":{"uv":[3,7,13,10],"texture":"#bottom","rotation":90},"down":{"uv":[3,7,13,10],"texture":"#bottom","rotation":90}}},{"from":[0,12,3],"to":[3,15,13],"faces":{"east":{"uv":[13,1,3,4],"texture":"#bottom"},"west":{"uv":[3,1,13,4],"texture":"#bottom","cullface":"west"},"up":{"uv":[3,1,13,4],"texture":"#bottom","rotation":90},"down":{"uv":[3,1,13,4],"texture":"#bottom","rotation":90}}},{"from":[0.25,3,3],"to":[2.75,16,13],"faces":{"east":{"uv":[13,0,3,13],"texture":"#bottom"},"west":{"uv":[3,0,13,13],"texture":"#bottom","cullface":"west"}}},{"from":[0,3,7],"to":[3,16,9],"faces":{"north":{"uv":[13,0,16,16],"texture":"#bottom"},"east":{"uv":[9,0,7,13],"texture":"#bottom"},"south":{"uv":[13,0,16,16],"texture":"#bottom"},"west":{"uv":[7,0,9,13],"texture":"#bottom","cullface":"west"}}},{"from":[0,0,13],"to":[3,16,16],"faces":{"north":{"uv":[13,0,16,16],"texture":"#bottom"},"east":{"uv":[16,0,13,16],"texture":"#bottom"},"south":{"uv":[16,0,13,16],"texture":"#bottom","cullface":"south"},"west":{"uv":[13,0,16,16],"texture":"#bottom","cullface":"west"}}},{"from":[-0.25,4,0],"to":[0,6,1],"faces":{"north":{"uv":[0,10,1,12],"texture":"#bottom","cullface":"west"},"south":{"uv":[0,10,1,12],"texture":"#bottom","cullface":"west"},"west":{"uv":[0,10,1,12],"texture":"#bottom","cullface":"west"},"up":{"uv":[0,10,1,11],"texture":"#bottom","cullface":"west","rotation":270},"down":{"uv":[0,11,1,12],"texture":"#bottom","cullface":"west","rotation":90}}},{"from":[-0.25,15,0],"to":[0,16,1],"faces":{"north":{"uv":[0,0,1,1],"texture":"#bottom","cullface":"west"},"south":{"uv":[0,0,1,1],"texture":"#bottom","cullface":"west"},"west":{"uv":[0,0,1,1],"texture":"#bottom","cullface":"west"},"down":{"uv":[0,0,1,1],"texture":"#bottom","cullface":"west","rotation":90}}},{"from":[3,15,0],"to":[3.25,16,1],"faces":{"north":{"uv":[0,0,1,1],"texture":"#bottom"},"east":{"uv":[0,0,1,1],"texture":"#bottom"},"south":{"uv":[0,0,1,1],"texture":"#bottom"},"down":{"uv":[0,0,1,1],"texture":"#bottom","rotation":270}}},{"from":[3,4,0],"to":[3.25,6,1],"faces":{"north":{"uv":[0,10,1,12],"texture":"#bottom"},"east":{"uv":[0,10,1,12],"texture":"#bottom"},"south":{"uv":[0,10,1,12],"texture":"#bottom"},"up":{"uv":[0,10,1,11],"texture":"#bottom","rotation":90},"down":{"uv":[0,11,1,12],"texture":"#bottom","rotation":270}}}]}