{"parent":"minecraft:block/door_top_rh","elements":[{"from":[0,0,13],"to":[3,16,16],"rotation":{"origin":[0,0,16],"axis":"y","angle":0.0},"faces":{"north":{"uv":[0,3,16,0],"texture":"#top","rotation":90},"east":{"uv":[0,0,3,16],"texture":"#top"},"south":{"uv":[0,0,16,3],"texture":"#top","cullface":"south","rotation":90},"west":{"uv":[3,0,0,16],"texture":"#top","cullface":"west"}}},{"from":[0,2,3],"to":[3,5,13],"rotation":{"origin":[0,0,16],"axis":"y","angle":0.0},"faces":{"east":{"uv":[3,11,13,14],"texture":"#top"},"west":{"uv":[13,11,3,14],"texture":"#top","cullface":"west"},"up":{"uv":[13,11,3,14],"texture":"#top","rotation":90},"down":{"uv":[13,11,3,14],"texture":"#top","rotation":90}}},{"from":[0.25,0,3],"to":[2.75,2,13],"rotation":{"origin":[0,0,16],"axis":"y","angle":0.0},"faces":{"east":{"uv":[3,14,13,16],"texture":"#top"},"west":{"uv":[13,14,3,16],"texture":"#top"}}},{"from":[0,0,0],"to":[3,16,3],"rotation":{"origin":[0,0,16],"axis":"y","angle":0.0},"faces":{"north":{"uv":[0,3,16,0],"texture":"#top","cullface":"north","rotation":90},"east":{"uv":[13,0,16,16],"texture":"#top"},"south":{"uv":[0,3,16,0],"texture":"#top","rotation":90},"west":{"uv":[16,0,13,16],"texture":"#top","cullface":"west"}}},{"from":[0,13,0],"to":[3,16,16],"rotation":{"origin":[0,0,16],"axis":"y","angle":0.0},"faces":{"east":{"uv":[0,0,16,3],"texture":"#top"},"west":{"uv":[16,0,0,3],"texture":"#top","cullface":"west"},"up":{"uv":[16,0,0,3],"texture":"#top","cullface":"up","rotation":90},"down":{"uv":[16,11,0,14],"texture":"#top","rotation":90}}},{"from":[0,8,3],"to":[3,10,13],"rotation":{"origin":[0,0,16],"axis":"y","angle":0.0},"faces":{"east":{"uv":[3,6,13,8],"texture":"#top"},"west":{"uv":[13,6,3,8],"texture":"#top","cullface":"west"},"up":{"uv":[13,11,3,14],"texture":"#top","rotation":90},"down":{"uv":[13,0,3,3],"texture":"#top","rotation":90}}},{"from":[0,0,7],"to":[3,13,9],"rotation":{"origin":[0,0,16],"axis":"y","angle":0.0},"faces":{"north":{"uv":[3,3,16,0],"texture":"#top","rotation":90},"east":{"uv":[7,3,9,16],"texture":"#top"},"south":{"uv":[3,3,16,0],"texture":"#top","rotation":90},"west":{"uv":[9,3,7,16],"texture":"#top","cullface":"west"}}},{"from":[3,0,15],"to":[3.25,1,16],"rotation":{"origin":[0,0,16],"axis":"y","angle":0.0},"faces":{"north":{"uv":[1,15,0,16],"texture":"#top"},"east":{"uv":[1,15,0,16],"texture":"#top"},"south":{"uv":[1,15,0,16],"texture":"#top"},"up":{"uv":[1,15,0,16],"texture":"#top","rotation":270}}},{"from":[3,10,15],"to":[3.25,12,16],"rotation":{"origin":[0,0,16],"axis":"y","angle":0.0},"faces":{"north":{"uv":[1,4,0,6],"texture":"#top"},"east":{"uv":[1,4,0,6],"texture":"#top"},"south":{"uv":[1,4,0,6],"texture":"#top"},"up":{"uv":[1,4,0,5],"texture":"#top","rotation":270},"down":{"uv":[1,5,0,6],"texture":"#top","rotation":90}}},{"from":[-0.25,0,15],"to":[0,1,16],"rotation":{"origin":[0,0,16],"axis":"y","angle":0.0},"faces":{"north":{"uv":[0,15,1,16],"texture":"#top","cullface":"west"},"south":{"uv":[0,15,1,16],"texture":"#top","cullface":"west"},"west":{"uv":[0,15,1,16],"texture":"#top","cullface":"west"},"up":{"uv":[1,16,0,15],"texture":"#top","cullface":"west","rotation":270}}},{"from":[-0.25,10,15],"to":[0,12,16],"rotation":{"origin":[0,0,16],"axis":"y","angle":0.0},"faces":{"north":{"uv":[0,4,1,6],"texture":"#top","cullface":"west"},"south":{"uv":[0,4,1,6],"texture":"#top","cullface":"west"},"west":{"uv":[0,4,1,6],"texture":"#top","cullface":"west"},"up":{"uv":[1,5,0,4],"texture":"#top","cullface":"west","rotation":270},"down":{"uv":[1,6,0,5],"texture":"#top","cullface":"west","rotation":90}}},{"from":[-0.25,1,2],"to":[0.25,2,5],"rotation":{"origin":[0,0,16],"axis":"y","angle":0.0},"faces":{"north":{"uv":[14,14,13,15],"texture":"#top","cullface":"west"},"west":{"uv":[14,14,11,15],"texture":"#top","cullface":"west"},"up":{"uv":[14,14,11,15],"texture":"#top","cullface":"west","rotation":90},"down":{"uv":[14,14,11,15],"texture":"#top","rotation":270}}},{"from":[-0.25,0,4],"to":[0.25,2,5],"rotation":{"origin":[0,0,16],"axis":"y","angle":0.0},"faces":{"north":{"uv":[12,14,11,16],"texture":"#top"},"south":{"uv":[12,14,11,16],"texture":"#top"},"west":{"uv":[12,14,11,16],"texture":"#top","cullface":"west"},"down":{"uv":[12,16,11,15],"texture":"#top","rotation":90}}},{"from":[2.75,1,2],"to":[3.25,2,5],"rotation":{"origin":[0,0,16],"axis":"y","angle":0.0},"faces":{"north":{"uv":[13,14,14,15],"texture":"#top","cullface":"west"},"east":{"uv":[11,14,14,15],"texture":"#top","cullface":"west"},"up":{"uv":[11,14,14,15],"texture":"#top","cullface":"west","rotation":270},"down":{"uv":[11,14,14,15],"texture":"#top","rotation":90}}},{"from":[2.75,0,4],"to":[3.25,2,5],"rotation":{"origin":[0,0,16],"axis":"y","angle":0.0},"faces":{"north":{"uv":[11,14,12,16],"texture":"#top"},"east":{"uv":[11,14,12,16],"texture":"#top","cullface":"west"},"south":{"uv":[11,14,12,16],"texture":"#top"},"down":{"uv":[11,16,12,15],"texture":"#top","rotation":270}}}]}