{"parent":"minecraft:block/cube_all","elements":[{"from":[0.5,0.5,0.5],"to":[15.5,15.5,15.5],"faces":{"north":{"uv":[0.5,0.5,15.5,15.5],"texture":"#all","cullface":"north"},"east":{"uv":[0.5,0.5,15.5,15.5],"texture":"#all","cullface":"east"},"south":{"uv":[0.5,0.5,15.5,15.5],"texture":"#all","cullface":"south"},"west":{"uv":[0.5,0.5,15.5,15.5],"texture":"#all","cullface":"west"},"up":{"uv":[0.5,0.5,15.5,15.5],"texture":"#all","cullface":"up"},"down":{"uv":[0.5,0.5,15.5,15.5],"texture":"#all","cullface":"down"}}},{"from":[0,0,0],"to":[16,1,1],"faces":{"north":{"uv":[0,15,16,16],"texture":"#all","cullface":"north"},"east":{"uv":[15,15,16,16],"texture":"#all","cullface":"east"},"south":{"uv":[0,0,16,1],"texture":"#all","cullface":"down","rotation":180},"west":{"uv":[0,15,1,16],"texture":"#all","cullface":"west"},"up":{"uv":[0,15,16,16],"texture":"#all","cullface":"north"},"down":{"uv":[0,15,16,16],"texture":"#all","cullface":"down"}}},{"from":[0,15,0],"to":[16,16,1],"faces":{"north":{"uv":[0,0,16,1],"texture":"#all","cullface":"north"},"south":{"uv":[0,0,16,1],"texture":"#all","cullface":"up"},"up":{"uv":[0,0,16,1],"texture":"#all","cullface":"up"},"down":{"uv":[0,0,16,1],"texture":"#all","cullface":"north","rotation":180}}},{"from":[15,0,0],"to":[16,16,1],"faces":{"north":{"uv":[0,0,1,16],"texture":"#all","cullface":"north"},"east":{"uv":[15,0,16,16],"texture":"#all","cullface":"east"},"south":{"uv":[15,0,16,16],"texture":"#all","cullface":"east"},"west":{"uv":[0,0,1,16],"texture":"#all","cullface":"north"},"up":{"uv":[15,0,16,1],"texture":"#all","cullface":"up"},"down":{"uv":[15,15,16,16],"texture":"#all","cullface":"down"}}},{"from":[0,0,0],"to":[1,16,1],"faces":{"north":{"uv":[15,0,16,16],"texture":"#all","cullface":"north"},"east":{"uv":[15,0,16,16],"texture":"#all","cullface":"north"},"south":{"uv":[0,0,1,16],"texture":"#all","cullface":"west"},"west":{"uv":[0,0,1,16],"texture":"#all","cullface":"west"},"up":{"uv":[0,0,1,1],"texture":"#all","cullface":"up"},"down":{"uv":[0,15,1,16],"texture":"#all","cullface":"down"}}},{"from":[15,0,15],"to":[16,16,16],"faces":{"north":{"uv":[0,0,1,16],"texture":"#all","cullface":"east"},"east":{"uv":[0,0,1,16],"texture":"#all","cullface":"east"},"south":{"uv":[15,0,16,16],"texture":"#all","cullface":"south"},"west":{"uv":[15,0,16,16],"texture":"#all","cullface":"south"},"up":{"uv":[15,15,16,16],"texture":"#all","cullface":"up"},"down":{"uv":[15,0,16,1],"texture":"#all","cullface":"down"}}},{"from":[0,0,15],"to":[16,1,16],"faces":{"north":{"uv":[0,15,16,16],"texture":"#all","cullface":"down"},"east":{"uv":[0,15,1,16],"texture":"#all","cullface":"east"},"south":{"uv":[0,15,16,16],"texture":"#all","cullface":"south"},"west":{"uv":[15,15,16,16],"texture":"#all","cullface":"west"},"up":{"uv":[0,15,16,16],"texture":"#all","cullface":"south"},"down":{"uv":[0,0,16,1],"texture":"#all","cullface":"down"}}},{"from":[0,15,15],"to":[16,16,16],"faces":{"north":{"uv":[0,15,16,16],"texture":"#all","cullface":"up"},"south":{"uv":[0,0,16,1],"texture":"#all","cullface":"south"},"up":{"uv":[0,15,16,16],"texture":"#all","cullface":"up"},"down":{"uv":[0,0,16,1],"texture":"#all","cullface":"south"}}},{"from":[15,15,0],"to":[16,16,16],"faces":{"east":{"uv":[0,0,16,1],"texture":"#all","cullface":"east"},"west":{"uv":[15,0,16,16],"texture":"#all","cullface":"up","rotation":270},"up":{"uv":[15,0,16,16],"texture":"#all","cullface":"up"},"down":{"uv":[0,0,16,1],"texture":"#all","cullface":"east","rotation":90}}},{"from":[15,0,0],"to":[16,1,16],"faces":{"north":{"uv":[0,15,1,16],"texture":"#all","cullface":"north"},"east":{"uv":[0,15,16,16],"texture":"#all","cullface":"east"},"south":{"uv":[15,15,16,16],"texture":"#all","cullface":"south"},"west":{"uv":[0,0,1,16],"texture":"#all","cullface":"down","rotation":270},"up":{"uv":[0,15,16,16],"texture":"#all","cullface":"east","rotation":90},"down":{"uv":[15,0,16,16],"texture":"#all","cullface":"down"}}},{"from":[0,15,0],"to":[1,16,16],"faces":{"east":{"uv":[0,0,16,1],"texture":"#all","cullface":"up","rotation":90},"west":{"uv":[0,0,16,1],"texture":"#all","cullface":"west"},"up":{"uv":[0,0,1,16],"texture":"#all","cullface":"up"},"down":{"uv":[0,0,16,1],"texture":"#all","cullface":"west","rotation":270}}},{"from":[0,0,0],"to":[1,1,16],"faces":{"north":{"uv":[15,15,16,16],"texture":"#all","cullface":"north"},"east":{"uv":[0,0,1,16],"texture":"#all","cullface":"down","rotation":90},"south":{"uv":[0,15,1,16],"texture":"#all","cullface":"south"},"west":{"uv":[0,15,16,16],"texture":"#all","cullface":"west"},"up":{"uv":[0,15,16,16],"texture":"#all","cullface":"west","rotation":270},"down":{"uv":[0,0,1,16],"texture":"#all","cullface":"down"}}},{"from":[0,0,15],"to":[1,16,16],"faces":{"north":{"uv":[15,0,16,16],"texture":"#all","cullface":"west"},"east":{"uv":[0,0,1,16],"texture":"#all","cullface":"south"},"south":{"uv":[0,0,1,16],"texture":"#all","cullface":"south"},"west":{"uv":[15,0,16,16],"texture":"#all","cullface":"west"}}}]}