{"parent":"minecraft:block/door_bottom_right_open","elements":[{"from":[0,0,0],"to":[3,3,16],"faces":{"east":{"uv":[16,13,0,16],"texture":"#bottom"},"west":{"uv":[0,13,16,16],"texture":"#bottom","cullface":"west"},"up":{"uv":[0,13,16,14],"texture":"#bottom","cullface":"up","rotation":90},"down":{"uv":[0,13,16,16],"texture":"#bottom","cullface":"down","rotation":270}}},{"from":[0.5,3,2],"to":[2.5,16,14],"faces":{"east":{"uv":[14,0,2,13],"texture":"#bottom"},"west":{"uv":[2,0,14,13],"texture":"#bottom"}}},{"from":[0,0,0],"to":[3,16,2],"faces":{"north":{"uv":[3,0,0,16],"texture":"#bottom","cullface":"north"},"east":{"uv":[2,0,0,16],"texture":"#bottom"},"south":{"uv":[1,0,2,16],"texture":"#bottom"},"west":{"uv":[0,0,2,16],"texture":"#bottom","cullface":"west"}}},{"from":[0,0,14],"to":[3,16,16],"faces":{"north":{"uv":[14,0,15,16],"texture":"#bottom"},"east":{"uv":[16,0,14,16],"texture":"#bottom"},"south":{"uv":[3,0,0,16],"texture":"#bottom","cullface":"south"},"west":{"uv":[14,0,16,16],"texture":"#bottom","cullface":"west"}}},{"from":[-0.5,10,10],"to":[0.5,12,14],"faces":{"west":{"uv":[10,4,14,6],"texture":"#bottom","cullface":"west"},"up":{"uv":[10,4,14,5],"texture":"#bottom","rotation":90},"down":{"uv":[10,5,14,6],"texture":"#bottom","rotation":270}}},{"from":[-0.5,10,10],"to":[0.5,15,11],"faces":{"north":{"uv":[10,1,11,6],"texture":"#bottom"},"south":{"uv":[10,1,11,6],"texture":"#bottom"},"west":{"uv":[10,1,11,6],"texture":"#bottom","cullface":"west"},"up":{"uv":[10,1,11,2],"texture":"#bottom","rotation":90}}},{"from":[-0.5,10,13],"to":[0.5,15,14],"faces":{"north":{"uv":[13,1,14,6],"texture":"#bottom"},"south":{"uv":[13,1,14,6],"texture":"#bottom"},"west":{"uv":[13,1,14,6],"texture":"#bottom","cullface":"west"},"up":{"uv":[13,1,14,2],"texture":"#bottom","rotation":90}}},{"from":[-0.5,15,11],"to":[0.5,16,13],"faces":{"north":{"uv":[11,0,12,1],"texture":"#bottom"},"south":{"uv":[12,0,13,1],"texture":"#bottom"},"west":{"uv":[11,0,13,1],"texture":"#bottom","cullface":"west"},"down":{"uv":[11,0,13,1],"texture":"#bottom","rotation":270}}},{"from":[2.5,15,11],"to":[3.5,16,13],"faces":{"north":{"uv":[12,0,11,1],"texture":"#bottom"},"east":{"uv":[13,0,11,1],"texture":"#bottom"},"south":{"uv":[13,0,12,1],"texture":"#bottom"},"down":{"uv":[11,1,13,0],"texture":"#bottom","rotation":270}}},{"from":[2.5,10,10],"to":[3.5,15,11],"faces":{"north":{"uv":[11,1,10,6],"texture":"#bottom"},"east":{"uv":[11,1,10,6],"texture":"#bottom"},"south":{"uv":[11,1,10,6],"texture":"#bottom"},"up":{"uv":[10,2,11,1],"texture":"#bottom","rotation":90}}},{"from":[2.5,10,10],"to":[3.5,12,14],"faces":{"east":{"uv":[14,4,10,6],"texture":"#bottom"},"up":{"uv":[10,5,14,4],"texture":"#bottom","rotation":90},"down":{"uv":[10,6,14,5],"texture":"#bottom","rotation":270}}},{"from":[2.5,10,13],"to":[3.5,15,14],"faces":{"north":{"uv":[14,1,13,6],"texture":"#bottom"},"east":{"uv":[14,1,13,6],"texture":"#bottom"},"south":{"uv":[14,1,13,6],"texture":"#bottom"},"up":{"uv":[13,2,14,1],"texture":"#bottom","rotation":90}}},{"from":[0,15,2],"to":[3,16,4],"faces":{"east":{"uv":[4,0,2,1],"texture":"#bottom"},"south":{"uv":[3,0,4,1],"texture":"#bottom"},"west":{"uv":[2,0,4,1],"texture":"#bottom","cullface":"west"},"down":{"uv":[2,0,4,1],"texture":"#bottom","rotation":270}}},{"from":[-0.5,4,0],"to":[0,6,1],"faces":{"north":{"uv":[0,10,1,12],"texture":"#bottom","cullface":"west"},"south":{"uv":[0,10,1,12],"texture":"#bottom","cullface":"west"},"west":{"uv":[0,10,1,12],"texture":"#bottom","cullface":"west"},"up":{"uv":[0,10,1,11],"texture":"#bottom","cullface":"west","rotation":90},"down":{"uv":[0,11,1,12],"texture":"#bottom","cullface":"west","rotation":270}}},{"from":[-0.5,15,0],"to":[0,16,1],"faces":{"north":{"uv":[0,0,1,1],"texture":"#bottom","cullface":"west"},"south":{"uv":[0,0,1,1],"texture":"#bottom","cullface":"west"},"west":{"uv":[0,0,1,1],"texture":"#bottom","cullface":"west"},"down":{"uv":[0,0,1,1],"texture":"#bottom","cullface":"west","rotation":270}}},{"from":[3,15,0],"to":[3.5,16,1],"faces":{"north":{"uv":[1,0,0,1],"texture":"#bottom"},"east":{"uv":[1,0,0,1],"texture":"#bottom"},"south":{"uv":[1,0,0,1],"texture":"#bottom"},"down":{"uv":[0,1,1,0],"texture":"#bottom","rotation":270}}},{"from":[3,4,0],"to":[3.5,6,1],"faces":{"north":{"uv":[1,10,0,12],"texture":"#bottom"},"east":{"uv":[1,10,0,12],"texture":"#bottom"},"south":{"uv":[1,10,0,12],"texture":"#bottom"},"up":{"uv":[0,11,1,10],"texture":"#bottom","rotation":90},"down":{"uv":[0,12,1,11],"texture":"#bottom","rotation":270}}},{"from":[0,15,-0.5],"to":[1,16,0],"faces":{"north":{"uv":[1,0,0,1],"texture":"#bottom","cullface":"north"},"east":{"uv":[1,0,0,1],"texture":"#bottom","cullface":"north"},"west":{"uv":[1,0,0,1],"texture":"#bottom","cullface":"north"},"down":{"uv":[1,0,0,1],"texture":"#bottom","cullface":"north","rotation":180}}},{"from":[0,4,-0.5],"to":[1,6,0],"faces":{"north":{"uv":[1,10,0,12],"texture":"#bottom","cullface":"north"},"east":{"uv":[1,10,0,12],"texture":"#bottom","cullface":"north"},"west":{"uv":[1,10,0,12],"texture":"#bottom","cullface":"north"},"up":{"uv":[1,10,0,11],"texture":"#bottom","cullface":"north","rotation":180},"down":{"uv":[1,11,0,12],"texture":"#bottom","cullface":"north","rotation":180}}},{"from":[2,15,16],"to":[3,16,16.5],"faces":{"east":{"uv":[1,0,0,1],"texture":"#bottom","cullface":"south"},"south":{"uv":[1,0,0,1],"texture":"#bottom","cullface":"south"},"west":{"uv":[1,0,0,1],"texture":"#bottom","cullface":"south"},"down":{"uv":[0,1,1,0],"texture":"#bottom","cullface":"south","rotation":180}}},{"from":[2,4,16],"to":[3,6,16.5],"faces":{"east":{"uv":[1,10,0,12],"texture":"#bottom","cullface":"south"},"south":{"uv":[1,10,0,12],"texture":"#bottom","cullface":"south"},"west":{"uv":[1,10,0,12],"texture":"#bottom","cullface":"south"},"up":{"uv":[0,11,1,10],"texture":"#bottom","cullface":"south","rotation":180},"down":{"uv":[0,12,1,11],"texture":"#bottom","cullface":"south","rotation":180}}},{"from":[0,15,13],"to":[3,16,14],"faces":{"east":{"uv":[14,0,13,1],"texture":"#bottom"},"west":{"uv":[13,0,14,1],"texture":"#bottom","cullface":"west"}}}]}