{"parent":"minecraft:block/template/inner_stairs_all","elements":[{"from":[1,1,-0.49],"to":[7.99,7.99,0.01],"rotation":{"origin":[8,8,8],"axis":"y","angle":0.0},"faces":{"north":{"uv":[8,8,15,15],"texture":"#all","cullface":"north"},"east":{"uv":[8,8,9,15],"texture":"#all","cullface":"north"},"west":{"uv":[14,8,15,15],"texture":"#all","cullface":"north"},"up":{"uv":[8,8,15,9],"texture":"#all","cullface":"north","rotation":180},"down":{"uv":[8,14,15,15],"texture":"#all","cullface":"north","rotation":180}}},{"from":[8.99,1,-0.49],"to":[15.99,7.99,0.01],"rotation":{"origin":[8,8,8],"axis":"y","angle":0.0},"faces":{"north":{"uv":[0,8,7,15],"texture":"#all","cullface":"north"},"east":{"uv":[0,8,1,15],"texture":"#all","cullface":"north"},"west":{"uv":[6,8,7,15],"texture":"#all","cullface":"north"},"up":{"uv":[0,8,7,9],"texture":"#all","cullface":"north","rotation":180},"down":{"uv":[0,14,7,15],"texture":"#all","cullface":"north","rotation":180}}},{"from":[8.99,8.99,7.51],"to":[15.99,15.99,8.01],"rotation":{"origin":[8,8,8],"axis":"y","angle":0.0},"faces":{"north":{"uv":[0,0,7,7],"texture":"#all"},"east":{"uv":[0,0,1,7],"texture":"#all"},"west":{"uv":[6,0,7,7],"texture":"#all"},"up":{"uv":[0,0,7,1],"texture":"#all","rotation":180},"down":{"uv":[0,6,7,7],"texture":"#all","rotation":180}}},{"from":[1,8.99,-0.49],"to":[7.99,15.99,0.01],"rotation":{"origin":[8,8,8],"axis":"y","angle":0.0},"faces":{"north":{"uv":[8,0,15,7],"texture":"#all","cullface":"north"},"east":{"uv":[8,0,9,7],"texture":"#all","cullface":"north"},"west":{"uv":[13,0,14,7],"texture":"#all","cullface":"north"},"up":{"uv":[8,0,15,1],"texture":"#all","cullface":"north","rotation":180},"down":{"uv":[8,6,15,7],"texture":"#all","cullface":"north","rotation":180}}},{"from":[15.99,1,1],"to":[16.49,7.99,7.99],"rotation":{"origin":[8,8,8],"axis":"y","angle":0.0},"faces":{"north":{"uv":[14,8,15,15],"texture":"#all","cullface":"east"},"east":{"uv":[8,8,15,15],"texture":"#all","cullface":"east"},"south":{"uv":[8,8,9,15],"texture":"#all","cullface":"east"},"up":{"uv":[8,8,15,9],"texture":"#all","cullface":"east","rotation":270},"down":{"uv":[8,14,15,15],"texture":"#all","cullface":"east","rotation":90}}},{"from":[15.99,1,8.99],"to":[16.49,7.99,15.99],"rotation":{"origin":[8,8,8],"axis":"y","angle":0.0},"faces":{"north":{"uv":[6,8,7,15],"texture":"#all","cullface":"east"},"east":{"uv":[0,8,7,15],"texture":"#all","cullface":"east"},"south":{"uv":[0,8,1,15],"texture":"#all","cullface":"east"},"up":{"uv":[0,8,7,9],"texture":"#all","cullface":"east","rotation":270},"down":{"uv":[0,14,7,15],"texture":"#all","cullface":"east","rotation":90}}},{"from":[15.99,8.99,8.99],"to":[16.49,15.99,15.99],"rotation":{"origin":[8,8,8],"axis":"y","angle":0.0},"faces":{"north":{"uv":[6,0,7,7],"texture":"#all","cullface":"east"},"east":{"uv":[0,0,7,7],"texture":"#all","cullface":"east"},"south":{"uv":[0,0,1,7],"texture":"#all","cullface":"east"},"up":{"uv":[0,0,7,1],"texture":"#all","cullface":"east","rotation":270},"down":{"uv":[0,6,7,7],"texture":"#all","cullface":"east","rotation":90}}},{"from":[7.99,8.99,1],"to":[8.49,15.99,7.99],"rotation":{"origin":[8,8,8],"axis":"y","angle":0.0},"faces":{"north":{"uv":[13,0,14,7],"texture":"#all"},"east":{"uv":[8,0,15,7],"texture":"#all"},"south":{"uv":[8,0,9,7],"texture":"#all"},"up":{"uv":[8,0,15,1],"texture":"#all","rotation":270},"down":{"uv":[8,6,15,7],"texture":"#all","rotation":90}}},{"from":[8.01,1,15.99],"to":[15,7.99,16.49],"rotation":{"origin":[8,8,8],"axis":"y","angle":0.0},"faces":{"east":{"uv":[14,8,15,15],"texture":"#all","cullface":"south"},"south":{"uv":[8,8,15,15],"texture":"#all","cullface":"south"},"west":{"uv":[8,8,9,15],"texture":"#all","cullface":"south"},"up":{"uv":[8,8,15,9],"texture":"#all","cullface":"south"},"down":{"uv":[8,14,15,15],"texture":"#all","cullface":"south"}}},{"from":[0.01,1,15.99],"to":[7.01,7.99,16.49],"rotation":{"origin":[8,8,8],"axis":"y","angle":0.0},"faces":{"east":{"uv":[6,8,7,15],"texture":"#all","cullface":"south"},"south":{"uv":[0,8,7,15],"texture":"#all","cullface":"south"},"west":{"uv":[0,8,1,15],"texture":"#all","cullface":"south"},"up":{"uv":[0,8,7,9],"texture":"#all","cullface":"south"},"down":{"uv":[0,14,7,15],"texture":"#all","cullface":"south"}}},{"from":[0.01,8.99,15.99],"to":[7.01,15.99,16.49],"rotation":{"origin":[8,8,8],"axis":"y","angle":0.0},"faces":{"east":{"uv":[6,0,7,7],"texture":"#all","cullface":"south"},"south":{"uv":[0,0,7,7],"texture":"#all","cullface":"south"},"west":{"uv":[0,0,1,7],"texture":"#all","cullface":"south"},"up":{"uv":[0,0,7,1],"texture":"#all","cullface":"south"},"down":{"uv":[0,6,7,7],"texture":"#all","cullface":"south"}}},{"from":[8.01,8.99,15.99],"to":[15,15.99,16.49],"rotation":{"origin":[8,8,8],"axis":"y","angle":0.0},"faces":{"east":{"uv":[13,0,14,7],"texture":"#all","cullface":"south"},"south":{"uv":[8,0,15,7],"texture":"#all","cullface":"south"},"west":{"uv":[8,0,9,7],"texture":"#all","cullface":"south"},"up":{"uv":[8,0,15,1],"texture":"#all","cullface":"south"},"down":{"uv":[8,6,15,7],"texture":"#all","cullface":"south"}}},{"from":[-0.49,1,8.01],"to":[0.01,7.99,15],"rotation":{"origin":[8,8,8],"axis":"y","angle":0.0},"faces":{"north":{"uv":[8,8,9,15],"texture":"#all","cullface":"west"},"south":{"uv":[14,8,15,15],"texture":"#all","cullface":"west"},"west":{"uv":[8,8,15,15],"texture":"#all","cullface":"west"},"up":{"uv":[8,8,15,9],"texture":"#all","cullface":"west","rotation":90},"down":{"uv":[8,14,15,15],"texture":"#all","cullface":"west","rotation":270}}},{"from":[-0.49,1,0.01],"to":[0.01,7.99,7.01],"rotation":{"origin":[8,8,8],"axis":"y","angle":0.0},"faces":{"north":{"uv":[0,8,1,15],"texture":"#all","cullface":"west"},"south":{"uv":[6,8,7,15],"texture":"#all","cullface":"west"},"west":{"uv":[0,8,7,15],"texture":"#all","cullface":"west"},"up":{"uv":[0,8,7,9],"texture":"#all","cullface":"west","rotation":90},"down":{"uv":[0,14,7,15],"texture":"#all","cullface":"west","rotation":270}}},{"from":[-0.49,8.99,0.01],"to":[0.01,15.99,7.01],"rotation":{"origin":[8,8,8],"axis":"y","angle":0.0},"faces":{"north":{"uv":[0,0,1,7],"texture":"#all","cullface":"west"},"south":{"uv":[6,0,7,7],"texture":"#all","cullface":"west"},"west":{"uv":[0,0,7,7],"texture":"#all","cullface":"west"},"up":{"uv":[0,0,7,1],"texture":"#all","cullface":"west","rotation":90},"down":{"uv":[0,6,7,7],"texture":"#all","cullface":"west","rotation":270}}},{"from":[-0.49,8.99,8.01],"to":[0.01,15.99,15],"rotation":{"origin":[8,8,8],"axis":"y","angle":0.0},"faces":{"north":{"uv":[8,0,9,7],"texture":"#all","cullface":"west"},"south":{"uv":[13,0,14,7],"texture":"#all","cullface":"west"},"west":{"uv":[8,0,15,7],"texture":"#all","cullface":"west"},"up":{"uv":[8,0,15,1],"texture":"#all","cullface":"west","rotation":90},"down":{"uv":[8,6,15,7],"texture":"#all","cullface":"west","rotation":270}}},{"from":[8,15.99,8],"to":[15,16.49,15],"rotation":{"origin":[8,8,8],"axis":"y","angle":0.0},"faces":{"north":{"uv":[8,8,15,9],"texture":"#all","cullface":"up","rotation":180},"east":{"uv":[14,8,15,15],"texture":"#all","cullface":"up","rotation":90},"south":{"uv":[8,14,15,15],"texture":"#all","cullface":"up"},"west":{"uv":[8,8,9,15],"texture":"#all","cullface":"up","rotation":270},"up":{"uv":[8,8,15,15],"texture":"#all","cullface":"up"}}},{"from":[0.01,15.99,8],"to":[7.01,16.49,15],"rotation":{"origin":[8,8,8],"axis":"y","angle":0.0},"faces":{"north":{"uv":[0,8,7,9],"texture":"#all","cullface":"up","rotation":180},"east":{"uv":[6,8,7,15],"texture":"#all","cullface":"up","rotation":90},"south":{"uv":[0,14,7,15],"texture":"#all","cullface":"up"},"west":{"uv":[0,8,1,15],"texture":"#all","cullface":"up","rotation":270},"up":{"uv":[0,8,7,15],"texture":"#all","cullface":"up"}}},{"from":[0.01,15.99,0.01],"to":[7.01,16.49,7.01],"rotation":{"origin":[8,8,8],"axis":"y","angle":0.0},"faces":{"north":{"uv":[0,0,7,1],"texture":"#all","cullface":"up","rotation":180},"east":{"uv":[6,0,7,7],"texture":"#all","cullface":"up","rotation":90},"south":{"uv":[0,6,7,7],"texture":"#all","cullface":"up"},"west":{"uv":[0,0,1,7],"texture":"#all","cullface":"up","rotation":270},"up":{"uv":[0,0,7,7],"texture":"#all","cullface":"up"}}},{"from":[8,7.99,0.01],"to":[15,8.49,7.01],"rotation":{"origin":[8,8,8],"axis":"y","angle":0.0},"faces":{"north":{"uv":[8,0,15,1],"texture":"#all","rotation":180},"east":{"uv":[13,0,14,7],"texture":"#all","rotation":90},"south":{"uv":[8,6,15,7],"texture":"#all"},"up":{"uv":[8,0,15,7],"texture":"#all"}}},{"from":[8,-0.49,1],"to":[15,0.01,8],"rotation":{"origin":[8,8,8],"axis":"y","angle":0.0},"faces":{"north":{"uv":[8,14,15,15],"texture":"#all","cullface":"down","rotation":180},"east":{"uv":[14,8,15,15],"texture":"#all","cullface":"down","rotation":270},"south":{"uv":[8,8,15,9],"texture":"#all","cullface":"down"},"west":{"uv":[8,8,9,15],"texture":"#all","cullface":"down","rotation":90},"down":{"uv":[8,8,15,15],"texture":"#all","cullface":"down"}}},{"from":[0.01,-0.49,1],"to":[7.01,0.01,8],"rotation":{"origin":[8,8,8],"axis":"y","angle":0.0},"faces":{"north":{"uv":[0,14,7,15],"texture":"#all","cullface":"down","rotation":180},"east":{"uv":[6,8,7,15],"texture":"#all","cullface":"down","rotation":270},"south":{"uv":[0,8,7,9],"texture":"#all","cullface":"down"},"west":{"uv":[0,8,1,15],"texture":"#all","cullface":"down","rotation":90},"down":{"uv":[0,8,7,15],"texture":"#all","cullface":"down"}}},{"from":[0.01,-0.49,8.99],"to":[7.01,0.01,15.99],"rotation":{"origin":[8,8,8],"axis":"y","angle":0.0},"faces":{"north":{"uv":[0,6,7,7],"texture":"#all","cullface":"down","rotation":180},"east":{"uv":[6,0,7,7],"texture":"#all","cullface":"down","rotation":270},"south":{"uv":[0,0,7,1],"texture":"#all","cullface":"down"},"west":{"uv":[0,0,1,7],"texture":"#all","cullface":"down","rotation":90},"down":{"uv":[0,0,7,7],"texture":"#all","cullface":"down"}}},{"from":[8,-0.49,8.99],"to":[15,0.01,15.99],"rotation":{"origin":[8,8,8],"axis":"y","angle":0.0},"faces":{"north":{"uv":[8,6,15,7],"texture":"#all","cullface":"down","rotation":180},"east":{"uv":[13,0,14,7],"texture":"#all","cullface":"down","rotation":270},"south":{"uv":[8,0,15,1],"texture":"#all","cullface":"down"},"west":{"uv":[8,0,9,7],"texture":"#all","cullface":"down","rotation":90},"down":{"uv":[8,0,15,7],"texture":"#all","cullface":"down"}}},{"from":[0,0,0],"to":[16,8,16],"faces":{"north":{"uv":[0,8,16,16],"texture":"#all","cullface":"north"},"east":{"uv":[0,8,16,16],"texture":"#all","cullface":"east"},"south":{"uv":[0,8,16,16],"texture":"#all","cullface":"south"},"west":{"uv":[0,8,16,16],"texture":"#all","cullface":"west"},"up":{"uv":[0,0,16,16],"texture":"#all"},"down":{"uv":[0,0,16,16],"texture":"#all","cullface":"down"}}},{"from":[0,8,8],"to":[16,16,16],"faces":{"north":{"uv":[0,0,16,8],"texture":"#all"},"east":{"uv":[0,0,8,8],"texture":"#all","cullface":"east"},"south":{"uv":[0,0,16,8],"texture":"#all","cullface":"south"},"west":{"uv":[8,0,16,8],"texture":"#all","cullface":"west"},"up":{"uv":[0,8,16,16],"texture":"#all","cullface":"up"}}},{"from":[0,8,0],"to":[8,16,8],"faces":{"north":{"uv":[8,0,16,8],"texture":"#all","cullface":"north"},"east":{"uv":[8,0,16,8],"texture":"#all"},"west":{"uv":[0,0,8,8],"texture":"#all","cullface":"west"},"up":{"uv":[0,0,8,8],"texture":"#all","cullface":"up"}}}]}