{"parent":"minecraft:block/cube_all","elements":[{"from":[0,0,0],"to":[16,16,16],"faces":{"north":{"uv":[0,0,16,16],"texture":"#all","cullface":"north"},"east":{"uv":[0,0,16,16],"texture":"#all","cullface":"east"},"south":{"uv":[0,0,16,16],"texture":"#all","cullface":"south"},"west":{"uv":[0,0,16,16],"texture":"#all","cullface":"west"},"up":{"uv":[0,0,16,16],"texture":"#all","cullface":"up"},"down":{"uv":[0,0,16,16],"texture":"#all","cullface":"down"}}},{"from":[10,1,-0.5],"to":[12,3,0],"faces":{"north":{"uv":[4,13,6,15],"texture":"#all","cullface":"north"},"east":{"uv":[4,13,5,15],"texture":"#all","cullface":"north"},"west":{"uv":[5,13,6,15],"texture":"#all","cullface":"north"},"up":{"uv":[4,13,6,14],"texture":"#all","cullface":"north","rotation":180},"down":{"uv":[4,14,6,15],"texture":"#all","cullface":"north","rotation":180}}},{"from":[5,2,-0.5],"to":[6,6,0],"faces":{"north":{"uv":[10,10,11,14],"texture":"#all","cullface":"north"},"east":{"uv":[10,10,11,14],"texture":"#all","cullface":"north"},"west":{"uv":[10,10,11,14],"texture":"#all","cullface":"north"},"down":{"uv":[10,13,11,14],"texture":"#all","cullface":"north","rotation":180}}},{"from":[3,3,-0.5],"to":[8,5,0],"faces":{"north":{"uv":[8,11,13,13],"texture":"#all","cullface":"north"},"east":{"uv":[8,11,9,13],"texture":"#all","cullface":"north"},"west":{"uv":[12,11,13,13],"texture":"#all","cullface":"north"},"up":{"uv":[8,11,13,12],"texture":"#all","cullface":"north","rotation":180},"down":{"uv":[8,12,13,13],"texture":"#all","cullface":"north","rotation":180}}},{"from":[5,5,-0.5],"to":[7,6,0],"faces":{"north":{"uv":[9,10,11,11],"texture":"#all","cullface":"north"},"east":{"uv":[9,10,10,11],"texture":"#all","cullface":"north"},"up":{"uv":[9,10,11,11],"texture":"#all","cullface":"north","rotation":180}}},{"from":[13,6,-0.5],"to":[15,8,0],"faces":{"north":{"uv":[1,8,3,10],"texture":"#all","cullface":"north"},"east":{"uv":[1,8,2,10],"texture":"#all","cullface":"north"},"west":{"uv":[2,8,3,10],"texture":"#all","cullface":"north"},"up":{"uv":[1,8,3,9],"texture":"#all","cullface":"north","rotation":180},"down":{"uv":[1,9,3,10],"texture":"#all","cullface":"north","rotation":180}}},{"from":[12,12,-0.5],"to":[14,14,0],"faces":{"north":{"uv":[2,2,4,4],"texture":"#all","cullface":"north"},"east":{"uv":[2,2,3,4],"texture":"#all","cullface":"north"},"west":{"uv":[3,2,4,4],"texture":"#all","cullface":"north"},"up":{"uv":[2,2,4,3],"texture":"#all","cullface":"north","rotation":180},"down":{"uv":[2,3,4,4],"texture":"#all","cullface":"north","rotation":180}}},{"from":[4,12,-0.5],"to":[6,14,0],"faces":{"north":{"uv":[10,2,12,4],"texture":"#all","cullface":"north"},"east":{"uv":[10,2,11,4],"texture":"#all","cullface":"north"},"west":{"uv":[11,2,12,4],"texture":"#all","cullface":"north"},"up":{"uv":[10,2,12,3],"texture":"#all","cullface":"north","rotation":180},"down":{"uv":[10,3,12,4],"texture":"#all","cullface":"north","rotation":180}}},{"from":[1,7,-0.5],"to":[3,9,0],"faces":{"north":{"uv":[13,7,15,9],"texture":"#all","cullface":"north"},"east":{"uv":[13,7,14,9],"texture":"#all","cullface":"north"},"west":{"uv":[14,7,15,9],"texture":"#all","cullface":"north"},"up":{"uv":[13,7,15,8],"texture":"#all","cullface":"north","rotation":180},"down":{"uv":[13,8,15,9],"texture":"#all","cullface":"north","rotation":180}}},{"from":[10,7,-0.5],"to":[12,10,0],"faces":{"north":{"uv":[4,6,6,9],"texture":"#all","cullface":"north"},"east":{"uv":[4,6,5,9],"texture":"#all","cullface":"north"},"west":{"uv":[5,6,6,9],"texture":"#all","cullface":"north"},"up":{"uv":[4,6,6,7],"texture":"#all","cullface":"north","rotation":180},"down":{"uv":[4,8,6,9],"texture":"#all","cullface":"north","rotation":180}}},{"from":[8,8,-0.5],"to":[11,11,0],"faces":{"north":{"uv":[5,5,8,8],"texture":"#all","cullface":"north"},"east":{"uv":[5,5,6,8],"texture":"#all","cullface":"north"},"west":{"uv":[7,5,8,8],"texture":"#all","cullface":"north"},"up":{"uv":[5,5,8,6],"texture":"#all","cullface":"north","rotation":180},"down":{"uv":[5,7,8,8],"texture":"#all","cullface":"north","rotation":180}}},{"from":[16,1,10],"to":[16.5,3,12],"faces":{"north":{"uv":[5,13,6,15],"texture":"#all","cullface":"east"},"east":{"uv":[4,13,6,15],"texture":"#all","cullface":"east"},"south":{"uv":[4,13,5,15],"texture":"#all","cullface":"east"},"up":{"uv":[4,13,6,14],"texture":"#all","cullface":"east","rotation":270},"down":{"uv":[4,14,6,15],"texture":"#all","cullface":"east","rotation":90}}},{"from":[16,2,5],"to":[16.5,6,6],"faces":{"north":{"uv":[10,10,11,14],"texture":"#all","cullface":"east"},"east":{"uv":[10,10,11,14],"texture":"#all","cullface":"east"},"south":{"uv":[10,10,11,14],"texture":"#all","cullface":"east"},"down":{"uv":[10,13,11,14],"texture":"#all","cullface":"east","rotation":90}}},{"from":[16,3,3],"to":[16.5,5,8],"faces":{"north":{"uv":[12,11,13,13],"texture":"#all","cullface":"east"},"east":{"uv":[8,11,13,13],"texture":"#all","cullface":"east"},"south":{"uv":[8,11,9,13],"texture":"#all","cullface":"east"},"up":{"uv":[8,11,13,12],"texture":"#all","cullface":"east","rotation":270},"down":{"uv":[8,12,13,13],"texture":"#all","cullface":"east","rotation":90}}},{"from":[16,5,5],"to":[16.5,6,7],"faces":{"east":{"uv":[9,10,11,11],"texture":"#all","cullface":"east"},"south":{"uv":[9,10,10,11],"texture":"#all","cullface":"east"},"up":{"uv":[9,10,11,11],"texture":"#all","cullface":"east","rotation":270}}},{"from":[16,6,13],"to":[16.5,8,15],"faces":{"north":{"uv":[2,8,3,10],"texture":"#all","cullface":"east"},"east":{"uv":[1,8,3,10],"texture":"#all","cullface":"east"},"south":{"uv":[1,8,2,10],"texture":"#all","cullface":"east"},"up":{"uv":[1,8,3,9],"texture":"#all","cullface":"east","rotation":270},"down":{"uv":[1,9,3,10],"texture":"#all","cullface":"east","rotation":90}}},{"from":[16,12,12],"to":[16.5,14,14],"faces":{"north":{"uv":[3,2,4,4],"texture":"#all","cullface":"east"},"east":{"uv":[2,2,4,4],"texture":"#all","cullface":"east"},"south":{"uv":[2,2,3,4],"texture":"#all","cullface":"east"},"up":{"uv":[2,2,4,3],"texture":"#all","cullface":"east","rotation":270},"down":{"uv":[2,3,4,4],"texture":"#all","cullface":"east","rotation":90}}},{"from":[16,12,4],"to":[16.5,14,6],"faces":{"north":{"uv":[11,2,12,4],"texture":"#all","cullface":"east"},"east":{"uv":[10,2,12,4],"texture":"#all","cullface":"east"},"south":{"uv":[10,2,11,4],"texture":"#all","cullface":"east"},"up":{"uv":[10,2,12,3],"texture":"#all","cullface":"east","rotation":270},"down":{"uv":[10,3,12,4],"texture":"#all","cullface":"east","rotation":90}}},{"from":[16,7,1],"to":[16.5,9,3],"faces":{"north":{"uv":[14,7,15,9],"texture":"#all","cullface":"east"},"east":{"uv":[13,7,15,9],"texture":"#all","cullface":"east"},"south":{"uv":[13,7,14,9],"texture":"#all","cullface":"east"},"up":{"uv":[13,7,15,8],"texture":"#all","cullface":"east","rotation":270},"down":{"uv":[13,8,15,9],"texture":"#all","cullface":"east","rotation":90}}},{"from":[16,7,10],"to":[16.5,10,12],"faces":{"north":{"uv":[5,6,6,9],"texture":"#all","cullface":"east"},"east":{"uv":[4,6,6,9],"texture":"#all","cullface":"east"},"south":{"uv":[4,6,5,9],"texture":"#all","cullface":"east"},"up":{"uv":[4,6,6,7],"texture":"#all","cullface":"east","rotation":270},"down":{"uv":[4,8,6,9],"texture":"#all","cullface":"east","rotation":90}}},{"from":[16,8,8],"to":[16.5,11,11],"faces":{"north":{"uv":[7,5,8,8],"texture":"#all","cullface":"east"},"east":{"uv":[5,5,8,8],"texture":"#all","cullface":"east"},"south":{"uv":[5,5,6,8],"texture":"#all","cullface":"east"},"up":{"uv":[5,5,8,6],"texture":"#all","cullface":"east","rotation":270},"down":{"uv":[5,7,8,8],"texture":"#all","cullface":"east","rotation":90}}},{"from":[4,1,16],"to":[6,3,16.5],"faces":{"east":{"uv":[5,13,6,15],"texture":"#all","cullface":"south"},"south":{"uv":[4,13,6,15],"texture":"#all","cullface":"south"},"west":{"uv":[4,13,5,15],"texture":"#all","cullface":"south"},"up":{"uv":[4,13,6,14],"texture":"#all","cullface":"south"},"down":{"uv":[4,14,6,15],"texture":"#all","cullface":"south"}}},{"from":[10,2,16],"to":[11,6,16.5],"faces":{"east":{"uv":[10,10,11,14],"texture":"#all","cullface":"south"},"south":{"uv":[10,10,11,14],"texture":"#all","cullface":"south"},"west":{"uv":[10,10,11,14],"texture":"#all","cullface":"south"},"down":{"uv":[10,13,11,14],"texture":"#all","cullface":"south"}}},{"from":[8,3,16],"to":[13,5,16.5],"faces":{"east":{"uv":[12,11,13,13],"texture":"#all","cullface":"south"},"south":{"uv":[8,11,13,13],"texture":"#all","cullface":"south"},"west":{"uv":[8,11,9,13],"texture":"#all","cullface":"south"},"up":{"uv":[8,11,13,12],"texture":"#all","cullface":"south"},"down":{"uv":[8,12,13,13],"texture":"#all","cullface":"south"}}},{"from":[9,5,16],"to":[11,6,16.5],"faces":{"south":{"uv":[9,10,11,11],"texture":"#all","cullface":"south"},"west":{"uv":[9,10,10,11],"texture":"#all","cullface":"south"},"up":{"uv":[9,10,11,11],"texture":"#all","cullface":"south"}}},{"from":[1,6,16],"to":[3,8,16.5],"faces":{"east":{"uv":[2,8,3,10],"texture":"#all","cullface":"south"},"south":{"uv":[1,8,3,10],"texture":"#all","cullface":"south"},"west":{"uv":[1,8,2,10],"texture":"#all","cullface":"south"},"up":{"uv":[1,8,3,9],"texture":"#all","cullface":"south"},"down":{"uv":[1,9,3,10],"texture":"#all","cullface":"south"}}},{"from":[2,12,16],"to":[4,14,16.5],"faces":{"east":{"uv":[3,2,4,4],"texture":"#all","cullface":"south"},"south":{"uv":[2,2,4,4],"texture":"#all","cullface":"south"},"west":{"uv":[2,2,3,4],"texture":"#all","cullface":"south"},"up":{"uv":[2,2,4,3],"texture":"#all","cullface":"south"},"down":{"uv":[2,3,4,4],"texture":"#all","cullface":"south"}}},{"from":[10,12,16],"to":[12,14,16.5],"faces":{"east":{"uv":[11,2,12,4],"texture":"#all","cullface":"south"},"south":{"uv":[10,2,12,4],"texture":"#all","cullface":"south"},"west":{"uv":[10,2,11,4],"texture":"#all","cullface":"south"},"up":{"uv":[10,2,12,3],"texture":"#all","cullface":"south"},"down":{"uv":[10,3,12,4],"texture":"#all","cullface":"south"}}},{"from":[13,7,16],"to":[15,9,16.5],"faces":{"east":{"uv":[14,7,15,9],"texture":"#all","cullface":"south"},"south":{"uv":[13,7,15,9],"texture":"#all","cullface":"south"},"west":{"uv":[13,7,14,9],"texture":"#all","cullface":"south"},"up":{"uv":[13,7,15,8],"texture":"#all","cullface":"south"},"down":{"uv":[13,8,15,9],"texture":"#all","cullface":"south"}}},{"from":[4,7,16],"to":[6,10,16.5],"faces":{"east":{"uv":[5,6,6,9],"texture":"#all","cullface":"south"},"south":{"uv":[4,6,6,9],"texture":"#all","cullface":"south"},"west":{"uv":[4,6,5,9],"texture":"#all","cullface":"south"},"up":{"uv":[4,6,6,7],"texture":"#all","cullface":"south"},"down":{"uv":[4,8,6,9],"texture":"#all","cullface":"south"}}},{"from":[5,8,16],"to":[8,11,16.5],"faces":{"east":{"uv":[7,5,8,8],"texture":"#all","cullface":"south"},"south":{"uv":[5,5,8,8],"texture":"#all","cullface":"south"},"west":{"uv":[5,5,6,8],"texture":"#all","cullface":"south"},"up":{"uv":[5,5,8,6],"texture":"#all","cullface":"south"},"down":{"uv":[5,7,8,8],"texture":"#all","cullface":"south"}}},{"from":[-0.5,1,4],"to":[0,3,6],"faces":{"north":{"uv":[4,13,5,15],"texture":"#all","cullface":"west"},"south":{"uv":[5,13,6,15],"texture":"#all","cullface":"west"},"west":{"uv":[4,13,6,15],"texture":"#all","cullface":"west"},"up":{"uv":[4,13,6,14],"texture":"#all","cullface":"west","rotation":90},"down":{"uv":[4,14,6,15],"texture":"#all","cullface":"west","rotation":270}}},{"from":[-0.5,2,10],"to":[0,6,11],"faces":{"north":{"uv":[10,10,11,14],"texture":"#all","cullface":"west"},"south":{"uv":[10,10,11,14],"texture":"#all","cullface":"west"},"west":{"uv":[10,10,11,14],"texture":"#all","cullface":"west"},"down":{"uv":[10,13,11,14],"texture":"#all","cullface":"west","rotation":270}}},{"from":[-0.5,3,8],"to":[0,5,13],"faces":{"north":{"uv":[8,11,9,13],"texture":"#all","cullface":"west"},"south":{"uv":[12,11,13,13],"texture":"#all","cullface":"west"},"west":{"uv":[8,11,13,13],"texture":"#all","cullface":"west"},"up":{"uv":[8,11,13,12],"texture":"#all","cullface":"west","rotation":90},"down":{"uv":[8,12,13,13],"texture":"#all","cullface":"west","rotation":270}}},{"from":[-0.5,5,9],"to":[0,6,11],"faces":{"north":{"uv":[9,10,10,11],"texture":"#all","cullface":"west"},"west":{"uv":[9,10,11,11],"texture":"#all","cullface":"west"},"up":{"uv":[9,10,11,11],"texture":"#all","cullface":"west","rotation":90}}},{"from":[-0.5,6,1],"to":[0,8,3],"faces":{"north":{"uv":[1,8,2,10],"texture":"#all","cullface":"west"},"south":{"uv":[2,8,3,10],"texture":"#all","cullface":"west"},"west":{"uv":[1,8,3,10],"texture":"#all","cullface":"west"},"up":{"uv":[1,8,3,9],"texture":"#all","cullface":"west","rotation":90},"down":{"uv":[1,9,3,10],"texture":"#all","cullface":"west","rotation":270}}},{"from":[-0.5,12,2],"to":[0,14,4],"faces":{"north":{"uv":[2,2,3,4],"texture":"#all","cullface":"west"},"south":{"uv":[3,2,4,4],"texture":"#all","cullface":"west"},"west":{"uv":[2,2,4,4],"texture":"#all","cullface":"west"},"up":{"uv":[2,2,4,3],"texture":"#all","cullface":"west","rotation":90},"down":{"uv":[2,3,4,4],"texture":"#all","cullface":"west","rotation":270}}},{"from":[-0.5,12,10],"to":[0,14,12],"faces":{"north":{"uv":[10,2,11,4],"texture":"#all","cullface":"west"},"south":{"uv":[11,2,12,4],"texture":"#all","cullface":"west"},"west":{"uv":[10,2,12,4],"texture":"#all","cullface":"west"},"up":{"uv":[10,2,12,3],"texture":"#all","cullface":"west","rotation":90},"down":{"uv":[10,3,12,4],"texture":"#all","cullface":"west","rotation":270}}},{"from":[-0.5,7,13],"to":[0,9,15],"faces":{"north":{"uv":[13,7,14,9],"texture":"#all","cullface":"west"},"south":{"uv":[14,7,15,9],"texture":"#all","cullface":"west"},"west":{"uv":[13,7,15,9],"texture":"#all","cullface":"west"},"up":{"uv":[13,7,15,8],"texture":"#all","cullface":"west","rotation":90},"down":{"uv":[13,8,15,9],"texture":"#all","cullface":"west","rotation":270}}},{"from":[-0.5,7,4],"to":[0,10,6],"faces":{"north":{"uv":[4,6,5,9],"texture":"#all","cullface":"west"},"south":{"uv":[5,6,6,9],"texture":"#all","cullface":"west"},"west":{"uv":[4,6,6,9],"texture":"#all","cullface":"west"},"up":{"uv":[4,6,6,7],"texture":"#all","cullface":"west","rotation":90},"down":{"uv":[4,8,6,9],"texture":"#all","cullface":"west","rotation":270}}},{"from":[-0.5,8,5],"to":[0,11,8],"faces":{"north":{"uv":[5,5,6,8],"texture":"#all","cullface":"west"},"south":{"uv":[7,5,8,8],"texture":"#all","cullface":"west"},"west":{"uv":[5,5,8,8],"texture":"#all","cullface":"west"},"up":{"uv":[5,5,8,6],"texture":"#all","cullface":"west","rotation":90},"down":{"uv":[5,7,8,8],"texture":"#all","cullface":"west","rotation":270}}},{"from":[4,16,13],"to":[6,16.5,15],"faces":{"north":{"uv":[4,13,6,14],"texture":"#all","cullface":"up","rotation":180},"east":{"uv":[5,13,6,15],"texture":"#all","cullface":"up","rotation":90},"south":{"uv":[4,14,6,15],"texture":"#all","cullface":"up"},"west":{"uv":[4,13,5,15],"texture":"#all","cullface":"up","rotation":270},"up":{"uv":[4,13,6,15],"texture":"#all","cullface":"up"}}},{"from":[10,16,10],"to":[11,16.5,14],"faces":{"east":{"uv":[10,10,11,14],"texture":"#all","cullface":"up","rotation":90},"south":{"uv":[10,13,11,14],"texture":"#all","cullface":"up"},"west":{"uv":[10,10,11,14],"texture":"#all","cullface":"up","rotation":270},"up":{"uv":[10,10,11,14],"texture":"#all","cullface":"up"}}},{"from":[8,16,11],"to":[13,16.5,13],"faces":{"north":{"uv":[8,11,13,12],"texture":"#all","cullface":"up","rotation":180},"east":{"uv":[12,11,13,13],"texture":"#all","cullface":"up","rotation":90},"south":{"uv":[8,12,13,13],"texture":"#all","cullface":"up"},"west":{"uv":[8,11,9,13],"texture":"#all","cullface":"up","rotation":270},"up":{"uv":[8,11,13,13],"texture":"#all","cullface":"up"}}},{"from":[9,16,10],"to":[11,16.5,11],"faces":{"north":{"uv":[9,10,11,11],"texture":"#all","cullface":"up","rotation":180},"west":{"uv":[9,10,10,11],"texture":"#all","cullface":"up","rotation":270},"up":{"uv":[9,10,11,11],"texture":"#all","cullface":"up"}}},{"from":[1,16,8],"to":[3,16.5,10],"faces":{"north":{"uv":[1,8,3,9],"texture":"#all","cullface":"up","rotation":180},"east":{"uv":[2,8,3,10],"texture":"#all","cullface":"up","rotation":90},"south":{"uv":[1,9,3,10],"texture":"#all","cullface":"up"},"west":{"uv":[1,8,2,10],"texture":"#all","cullface":"up","rotation":270},"up":{"uv":[1,8,3,10],"texture":"#all","cullface":"up"}}},{"from":[2,16,2],"to":[4,16.5,4],"faces":{"north":{"uv":[2,2,4,3],"texture":"#all","cullface":"up","rotation":180},"east":{"uv":[3,2,4,4],"texture":"#all","cullface":"up","rotation":90},"south":{"uv":[2,3,4,4],"texture":"#all","cullface":"up"},"west":{"uv":[2,2,3,4],"texture":"#all","cullface":"up","rotation":270},"up":{"uv":[2,2,4,4],"texture":"#all","cullface":"up"}}},{"from":[10,16,2],"to":[12,16.5,4],"faces":{"north":{"uv":[10,2,12,3],"texture":"#all","cullface":"up","rotation":180},"east":{"uv":[11,2,12,4],"texture":"#all","cullface":"up","rotation":90},"south":{"uv":[10,3,12,4],"texture":"#all","cullface":"up"},"west":{"uv":[10,2,11,4],"texture":"#all","cullface":"up","rotation":270},"up":{"uv":[10,2,12,4],"texture":"#all","cullface":"up"}}},{"from":[13,16,7],"to":[15,16.5,9],"faces":{"north":{"uv":[13,7,15,8],"texture":"#all","cullface":"up","rotation":180},"east":{"uv":[14,7,15,9],"texture":"#all","cullface":"up","rotation":90},"south":{"uv":[13,8,15,9],"texture":"#all","cullface":"up"},"west":{"uv":[13,7,14,9],"texture":"#all","cullface":"up","rotation":270},"up":{"uv":[13,7,15,9],"texture":"#all","cullface":"up"}}},{"from":[4,16,6],"to":[6,16.5,9],"faces":{"north":{"uv":[4,6,6,7],"texture":"#all","cullface":"up","rotation":180},"east":{"uv":[5,6,6,9],"texture":"#all","cullface":"up","rotation":90},"south":{"uv":[4,8,6,9],"texture":"#all","cullface":"up"},"west":{"uv":[4,6,5,9],"texture":"#all","cullface":"up","rotation":270},"up":{"uv":[4,6,6,9],"texture":"#all","cullface":"up"}}},{"from":[5,16,5],"to":[8,16.5,8],"faces":{"north":{"uv":[5,5,8,6],"texture":"#all","cullface":"up","rotation":180},"east":{"uv":[7,5,8,8],"texture":"#all","cullface":"up","rotation":90},"south":{"uv":[5,7,8,8],"texture":"#all","cullface":"up"},"west":{"uv":[5,5,6,8],"texture":"#all","cullface":"up","rotation":270},"up":{"uv":[5,5,8,8],"texture":"#all","cullface":"up"}}},{"from":[4,-0.5,1],"to":[6,0,3],"faces":{"north":{"uv":[4,14,6,15],"texture":"#all","cullface":"down","rotation":180},"east":{"uv":[5,13,6,15],"texture":"#all","cullface":"down","rotation":270},"south":{"uv":[4,13,6,14],"texture":"#all","cullface":"down"},"west":{"uv":[4,13,5,15],"texture":"#all","cullface":"down","rotation":90},"down":{"uv":[4,13,6,15],"texture":"#all","cullface":"down"}}},{"from":[10,-0.5,2],"to":[11,0,6],"faces":{"north":{"uv":[10,13,11,14],"texture":"#all","cullface":"down","rotation":180},"east":{"uv":[10,10,11,14],"texture":"#all","cullface":"down","rotation":270},"west":{"uv":[10,10,11,14],"texture":"#all","cullface":"down","rotation":90},"down":{"uv":[10,10,11,14],"texture":"#all","cullface":"down"}}},{"from":[8,-0.5,3],"to":[13,0,5],"faces":{"north":{"uv":[8,12,13,13],"texture":"#all","cullface":"down","rotation":180},"east":{"uv":[12,11,13,13],"texture":"#all","cullface":"down","rotation":270},"south":{"uv":[8,11,13,12],"texture":"#all","cullface":"down"},"west":{"uv":[8,11,9,13],"texture":"#all","cullface":"down","rotation":90},"down":{"uv":[8,11,13,13],"texture":"#all","cullface":"down"}}},{"from":[9,-0.5,5],"to":[11,0,6],"faces":{"south":{"uv":[9,10,11,11],"texture":"#all","cullface":"down"},"west":{"uv":[9,10,10,11],"texture":"#all","cullface":"down","rotation":90},"down":{"uv":[9,10,11,11],"texture":"#all","cullface":"down"}}},{"from":[1,-0.5,6],"to":[3,0,8],"faces":{"north":{"uv":[1,9,3,10],"texture":"#all","cullface":"down","rotation":180},"east":{"uv":[2,8,3,10],"texture":"#all","cullface":"down","rotation":270},"south":{"uv":[1,8,3,9],"texture":"#all","cullface":"down"},"west":{"uv":[1,8,2,10],"texture":"#all","cullface":"down","rotation":90},"down":{"uv":[1,8,3,10],"texture":"#all","cullface":"down"}}},{"from":[2,-0.5,12],"to":[4,0,14],"faces":{"north":{"uv":[2,3,4,4],"texture":"#all","cullface":"down","rotation":180},"east":{"uv":[3,2,4,4],"texture":"#all","cullface":"down","rotation":270},"south":{"uv":[2,2,4,3],"texture":"#all","cullface":"down"},"west":{"uv":[2,2,3,4],"texture":"#all","cullface":"down","rotation":90},"down":{"uv":[2,2,4,4],"texture":"#all","cullface":"down"}}},{"from":[10,-0.5,12],"to":[12,0,14],"faces":{"north":{"uv":[10,3,12,4],"texture":"#all","cullface":"down","rotation":180},"east":{"uv":[11,2,12,4],"texture":"#all","cullface":"down","rotation":270},"south":{"uv":[10,2,12,3],"texture":"#all","cullface":"down"},"west":{"uv":[10,2,11,4],"texture":"#all","cullface":"down","rotation":90},"down":{"uv":[10,2,12,4],"texture":"#all","cullface":"down"}}},{"from":[13,-0.5,7],"to":[15,0,9],"faces":{"north":{"uv":[13,8,15,9],"texture":"#all","cullface":"down","rotation":180},"east":{"uv":[14,7,15,9],"texture":"#all","cullface":"down","rotation":270},"south":{"uv":[13,7,15,8],"texture":"#all","cullface":"down"},"west":{"uv":[13,7,14,9],"texture":"#all","cullface":"down","rotation":90},"down":{"uv":[13,7,15,9],"texture":"#all","cullface":"down"}}},{"from":[4,-0.5,7],"to":[6,0,10],"faces":{"north":{"uv":[4,8,6,9],"texture":"#all","cullface":"down","rotation":180},"east":{"uv":[5,6,6,9],"texture":"#all","cullface":"down","rotation":270},"south":{"uv":[4,6,6,7],"texture":"#all","cullface":"down"},"west":{"uv":[4,6,5,9],"texture":"#all","cullface":"down","rotation":90},"down":{"uv":[4,6,6,9],"texture":"#all","cullface":"down"}}},{"from":[5,-0.5,8],"to":[8,0,11],"faces":{"north":{"uv":[5,7,8,8],"texture":"#all","cullface":"down","rotation":180},"east":{"uv":[7,5,8,8],"texture":"#all","cullface":"down","rotation":270},"south":{"uv":[5,5,8,6],"texture":"#all","cullface":"down"},"west":{"uv":[5,5,6,8],"texture":"#all","cullface":"down","rotation":90},"down":{"uv":[5,5,8,8],"texture":"#all","cullface":"down"}}}]}