{"parent":"minecraft:block/cube_all","elements":[{"from":[0,0,0],"to":[16,16,16],"faces":{"north":{"uv":[0,0,16,16],"texture":"#all","cullface":"north"},"east":{"uv":[0,0,16,16],"texture":"#all","cullface":"east"},"south":{"uv":[0,0,16,16],"texture":"#all","cullface":"south"},"west":{"uv":[0,0,16,16],"texture":"#all","cullface":"west"},"up":{"uv":[0,0,16,16],"texture":"#all","cullface":"up"},"down":{"uv":[0,0,16,16],"texture":"#all","cullface":"down"}}},{"from":[1,1,-0.5],"to":[2,2,0],"faces":{"north":{"uv":[14,14,15,15],"texture":"#all","cullface":"north"},"east":{"uv":[14,14,15,15],"texture":"#all","cullface":"north"},"west":{"uv":[14,14,15,15],"texture":"#all","cullface":"north"},"up":{"uv":[15,14,14,15],"texture":"#all","cullface":"north"},"down":{"uv":[15,14,14,15],"texture":"#all","cullface":"north"}}},{"from":[8,3,-0.5],"to":[9,4,0],"faces":{"north":{"uv":[7,12,8,13],"texture":"#all","cullface":"north"},"east":{"uv":[7,12,8,13],"texture":"#all","cullface":"north"},"west":{"uv":[7,12,8,13],"texture":"#all","cullface":"north"},"up":{"uv":[8,12,7,13],"texture":"#all","cullface":"north"},"down":{"uv":[8,12,7,13],"texture":"#all","cullface":"north"}}},{"from":[11,14,-0.5],"to":[12,15,0],"faces":{"north":{"uv":[4,1,5,2],"texture":"#all","cullface":"north"},"east":{"uv":[4,1,5,2],"texture":"#all","cullface":"north"},"west":{"uv":[4,1,5,2],"texture":"#all","cullface":"north"},"up":{"uv":[5,1,4,2],"texture":"#all","cullface":"north"},"down":{"uv":[5,1,4,2],"texture":"#all","cullface":"north"}}},{"from":[1,8,-0.5],"to":[3,9,0],"faces":{"north":{"uv":[13,7,15,8],"texture":"#all","cullface":"north"},"east":{"uv":[13,7,14,8],"texture":"#all","cullface":"north"},"west":{"uv":[14,7,15,8],"texture":"#all","cullface":"north"},"up":{"uv":[15,7,13,8],"texture":"#all","cullface":"north"},"down":{"uv":[15,7,13,8],"texture":"#all","cullface":"north"}}},{"from":[12,6,-0.5],"to":[14,8,0],"faces":{"north":{"uv":[2,8,4,10],"texture":"#all","cullface":"north"},"east":{"uv":[2,8,3,10],"texture":"#all","cullface":"north"},"west":{"uv":[3,8,4,10],"texture":"#all","cullface":"north"},"up":{"uv":[4,8,2,9],"texture":"#all","cullface":"north"},"down":{"uv":[4,9,2,10],"texture":"#all","cullface":"north"}}},{"from":[2,11,-0.5],"to":[4,13,0],"faces":{"north":{"uv":[12,3,14,5],"texture":"#all","cullface":"north"},"east":{"uv":[12,3,13,5],"texture":"#all","cullface":"north"},"west":{"uv":[13,3,14,5],"texture":"#all","cullface":"north"},"up":{"uv":[14,3,12,4],"texture":"#all","cullface":"north"},"down":{"uv":[14,4,12,5],"texture":"#all","cullface":"north"}}},{"from":[1,12,-0.5],"to":[3,14,0],"faces":{"north":{"uv":[13,2,15,4],"texture":"#all","cullface":"north"},"east":{"uv":[13,2,14,4],"texture":"#all","cullface":"north"},"west":{"uv":[14,2,15,4],"texture":"#all","cullface":"north"},"up":{"uv":[15,2,13,3],"texture":"#all","cullface":"north"},"down":{"uv":[15,3,13,4],"texture":"#all","cullface":"north"}}},{"from":[11,1,-0.5],"to":[13,4,0],"faces":{"north":{"uv":[3,12,5,15],"texture":"#all","cullface":"north"},"east":{"uv":[3,12,4,15],"texture":"#all","cullface":"north"},"west":{"uv":[4,12,5,15],"texture":"#all","cullface":"north"},"down":{"uv":[5,14,3,15],"texture":"#all","cullface":"north"}}},{"from":[10,2,-0.5],"to":[15,3,0],"faces":{"north":{"uv":[1,13,6,14],"texture":"#all","cullface":"north"},"east":{"uv":[1,13,2,14],"texture":"#all","cullface":"north"},"west":{"uv":[5,13,6,14],"texture":"#all","cullface":"north"},"up":{"uv":[6,13,1,14],"texture":"#all","cullface":"north"},"down":{"uv":[6,13,1,14],"texture":"#all","cullface":"north"}}},{"from":[11,3,-0.5],"to":[14,4,0],"faces":{"north":{"uv":[2,12,5,13],"texture":"#all","cullface":"north"},"east":{"uv":[2,12,3,13],"texture":"#all","cullface":"north"},"up":{"uv":[5,12,2,13],"texture":"#all","cullface":"north"}}},{"from":[4,2,-0.5],"to":[6,6,0],"faces":{"north":{"uv":[10,10,12,14],"texture":"#all","cullface":"north"},"east":{"uv":[10,10,11,14],"texture":"#all","cullface":"north"},"west":{"uv":[11,10,12,14],"texture":"#all","cullface":"north"},"down":{"uv":[12,13,10,14],"texture":"#all","cullface":"north"}}},{"from":[3,3,-0.5],"to":[6,6,0],"faces":{"north":{"uv":[10,10,13,13],"texture":"#all","cullface":"north"},"west":{"uv":[12,10,13,13],"texture":"#all","cullface":"north"},"up":{"uv":[13,10,10,11],"texture":"#all","cullface":"north"},"down":{"uv":[13,12,10,13],"texture":"#all","cullface":"north"}}},{"from":[1,4,-0.5],"to":[7,5,0],"faces":{"north":{"uv":[9,11,15,12],"texture":"#all","cullface":"north"},"east":{"uv":[9,11,10,12],"texture":"#all","cullface":"north"},"west":{"uv":[14,11,15,12],"texture":"#all","cullface":"north"},"up":{"uv":[15,11,9,12],"texture":"#all","cullface":"north"},"down":{"uv":[15,11,9,12],"texture":"#all","cullface":"north"}}},{"from":[9,7,-0.5],"to":[10,13,0],"faces":{"north":{"uv":[6,3,7,9],"texture":"#all","cullface":"north"},"east":{"uv":[6,3,7,9],"texture":"#all","cullface":"north"},"west":{"uv":[6,3,7,9],"texture":"#all","cullface":"north"},"down":{"uv":[7,8,6,9],"texture":"#all","cullface":"north"}}},{"from":[7,9,-0.5],"to":[11,12,0],"faces":{"north":{"uv":[5,4,9,7],"texture":"#all","cullface":"north"},"east":{"uv":[5,4,6,7],"texture":"#all","cullface":"north"},"up":{"uv":[9,4,5,5],"texture":"#all","cullface":"north"},"down":{"uv":[9,6,5,7],"texture":"#all","cullface":"north"}}},{"from":[7,9,-0.5],"to":[10,13,0],"faces":{"north":{"uv":[6,3,9,7],"texture":"#all","cullface":"north"},"west":{"uv":[8,3,9,7],"texture":"#all","cullface":"north"},"up":{"uv":[9,3,6,4],"texture":"#all","cullface":"north"}}},{"from":[11,10,-0.5],"to":[12,11,0],"faces":{"north":{"uv":[4,5,5,6],"texture":"#all","cullface":"north"},"east":{"uv":[4,5,5,6],"texture":"#all","cullface":"north"},"up":{"uv":[5,5,4,6],"texture":"#all","cullface":"north"},"down":{"uv":[5,5,4,6],"texture":"#all","cullface":"north"}}},{"from":[8,13,-0.5],"to":[9,14,0],"faces":{"north":{"uv":[7,2,8,3],"texture":"#all","cullface":"north"},"east":{"uv":[7,2,8,3],"texture":"#all","cullface":"north"},"west":{"uv":[7,2,8,3],"texture":"#all","cullface":"north"},"up":{"uv":[8,2,7,3],"texture":"#all","cullface":"north"}}},{"from":[16,1,1],"to":[16.5,2,2],"faces":{"north":{"uv":[14,14,15,15],"texture":"#all","cullface":"east"},"east":{"uv":[14,14,15,15],"texture":"#all","cullface":"east"},"south":{"uv":[14,14,15,15],"texture":"#all","cullface":"east"},"up":{"uv":[15,14,14,15],"texture":"#all","cullface":"east","rotation":90},"down":{"uv":[15,14,14,15],"texture":"#all","cullface":"east","rotation":270}}},{"from":[16,3,8],"to":[16.5,4,9],"faces":{"north":{"uv":[7,12,8,13],"texture":"#all","cullface":"east"},"east":{"uv":[7,12,8,13],"texture":"#all","cullface":"east"},"south":{"uv":[7,12,8,13],"texture":"#all","cullface":"east"},"up":{"uv":[8,12,7,13],"texture":"#all","cullface":"east","rotation":90},"down":{"uv":[8,12,7,13],"texture":"#all","cullface":"east","rotation":270}}},{"from":[16,14,11],"to":[16.5,15,12],"faces":{"north":{"uv":[4,1,5,2],"texture":"#all","cullface":"east"},"east":{"uv":[4,1,5,2],"texture":"#all","cullface":"east"},"south":{"uv":[4,1,5,2],"texture":"#all","cullface":"east"},"up":{"uv":[5,1,4,2],"texture":"#all","cullface":"east","rotation":90},"down":{"uv":[5,1,4,2],"texture":"#all","cullface":"east","rotation":270}}},{"from":[16,8,1],"to":[16.5,9,3],"faces":{"north":{"uv":[14,7,15,8],"texture":"#all","cullface":"east"},"east":{"uv":[13,7,15,8],"texture":"#all","cullface":"east"},"south":{"uv":[13,7,14,8],"texture":"#all","cullface":"east"},"up":{"uv":[15,7,13,8],"texture":"#all","cullface":"east","rotation":90},"down":{"uv":[15,7,13,8],"texture":"#all","cullface":"east","rotation":270}}},{"from":[16,6,12],"to":[16.5,8,14],"faces":{"north":{"uv":[3,8,4,10],"texture":"#all","cullface":"east"},"east":{"uv":[2,8,4,10],"texture":"#all","cullface":"east"},"south":{"uv":[2,8,3,10],"texture":"#all","cullface":"east"},"up":{"uv":[4,8,2,9],"texture":"#all","cullface":"east","rotation":90},"down":{"uv":[4,9,2,10],"texture":"#all","cullface":"east","rotation":270}}},{"from":[16,11,2],"to":[16.5,13,4],"faces":{"north":{"uv":[13,3,14,5],"texture":"#all","cullface":"east"},"east":{"uv":[12,3,14,5],"texture":"#all","cullface":"east"},"south":{"uv":[12,3,13,5],"texture":"#all","cullface":"east"},"up":{"uv":[14,3,12,4],"texture":"#all","cullface":"east","rotation":90},"down":{"uv":[14,4,12,5],"texture":"#all","cullface":"east","rotation":270}}},{"from":[16,12,1],"to":[16.5,14,3],"faces":{"north":{"uv":[14,2,15,4],"texture":"#all","cullface":"east"},"east":{"uv":[13,2,15,4],"texture":"#all","cullface":"east"},"south":{"uv":[13,2,14,4],"texture":"#all","cullface":"east"},"up":{"uv":[15,2,13,3],"texture":"#all","cullface":"east","rotation":90},"down":{"uv":[15,3,13,4],"texture":"#all","cullface":"east","rotation":270}}},{"from":[16,1,11],"to":[16.5,4,13],"faces":{"north":{"uv":[4,12,5,15],"texture":"#all","cullface":"east"},"east":{"uv":[3,12,5,15],"texture":"#all","cullface":"east"},"south":{"uv":[3,12,4,15],"texture":"#all","cullface":"east"},"down":{"uv":[5,14,3,15],"texture":"#all","cullface":"east","rotation":270}}},{"from":[16,2,10],"to":[16.5,3,15],"faces":{"north":{"uv":[5,13,6,14],"texture":"#all","cullface":"east"},"east":{"uv":[1,13,6,14],"texture":"#all","cullface":"east"},"south":{"uv":[1,13,2,14],"texture":"#all","cullface":"east"},"up":{"uv":[6,13,1,14],"texture":"#all","cullface":"east","rotation":90},"down":{"uv":[6,13,1,14],"texture":"#all","cullface":"east","rotation":270}}},{"from":[16,3,11],"to":[16.5,4,14],"faces":{"east":{"uv":[2,12,5,13],"texture":"#all","cullface":"east"},"south":{"uv":[2,12,3,13],"texture":"#all","cullface":"east"},"up":{"uv":[5,12,2,13],"texture":"#all","cullface":"east","rotation":90}}},{"from":[16,2,4],"to":[16.5,6,6],"faces":{"north":{"uv":[11,10,12,14],"texture":"#all","cullface":"east"},"east":{"uv":[10,10,12,14],"texture":"#all","cullface":"east"},"south":{"uv":[10,10,11,14],"texture":"#all","cullface":"east"},"down":{"uv":[12,13,10,14],"texture":"#all","cullface":"east","rotation":270}}},{"from":[16,3,3],"to":[16.5,6,6],"faces":{"north":{"uv":[12,10,13,13],"texture":"#all","cullface":"east"},"east":{"uv":[10,10,13,13],"texture":"#all","cullface":"east"},"up":{"uv":[13,10,10,11],"texture":"#all","cullface":"east","rotation":90},"down":{"uv":[13,12,10,13],"texture":"#all","cullface":"east","rotation":270}}},{"from":[16,4,1],"to":[16.5,5,7],"faces":{"north":{"uv":[14,11,15,12],"texture":"#all","cullface":"east"},"east":{"uv":[9,11,15,12],"texture":"#all","cullface":"east"},"south":{"uv":[9,11,10,12],"texture":"#all","cullface":"east"},"up":{"uv":[15,11,9,12],"texture":"#all","cullface":"east","rotation":90},"down":{"uv":[15,11,9,12],"texture":"#all","cullface":"east","rotation":270}}},{"from":[16,7,9],"to":[16.5,13,10],"faces":{"north":{"uv":[6,3,7,9],"texture":"#all","cullface":"east"},"east":{"uv":[6,3,7,9],"texture":"#all","cullface":"east"},"south":{"uv":[6,3,7,9],"texture":"#all","cullface":"east"},"down":{"uv":[7,8,6,9],"texture":"#all","cullface":"east","rotation":270}}},{"from":[16,9,7],"to":[16.5,12,11],"faces":{"east":{"uv":[5,4,9,7],"texture":"#all","cullface":"east"},"south":{"uv":[5,4,6,7],"texture":"#all","cullface":"east"},"up":{"uv":[9,4,5,5],"texture":"#all","cullface":"east","rotation":90},"down":{"uv":[9,6,5,7],"texture":"#all","cullface":"east","rotation":270}}},{"from":[16,9,7],"to":[16.5,13,10],"faces":{"north":{"uv":[8,3,9,7],"texture":"#all","cullface":"east"},"east":{"uv":[6,3,9,7],"texture":"#all","cullface":"east"},"up":{"uv":[9,3,6,4],"texture":"#all","cullface":"east","rotation":90}}},{"from":[16,10,11],"to":[16.5,11,12],"faces":{"east":{"uv":[4,5,5,6],"texture":"#all","cullface":"east"},"south":{"uv":[4,5,5,6],"texture":"#all","cullface":"east"},"up":{"uv":[5,5,4,6],"texture":"#all","cullface":"east","rotation":90},"down":{"uv":[5,5,4,6],"texture":"#all","cullface":"east","rotation":270}}},{"from":[16,13,8],"to":[16.5,14,9],"faces":{"north":{"uv":[7,2,8,3],"texture":"#all","cullface":"east"},"east":{"uv":[7,2,8,3],"texture":"#all","cullface":"east"},"south":{"uv":[7,2,8,3],"texture":"#all","cullface":"east"},"up":{"uv":[8,2,7,3],"texture":"#all","cullface":"east","rotation":90}}},{"from":[14,1,16],"to":[15,2,16.5],"faces":{"east":{"uv":[14,14,15,15],"texture":"#all","cullface":"south"},"south":{"uv":[14,14,15,15],"texture":"#all","cullface":"south"},"west":{"uv":[14,14,15,15],"texture":"#all","cullface":"south"},"up":{"uv":[15,14,14,15],"texture":"#all","cullface":"south","rotation":180},"down":{"uv":[15,14,14,15],"texture":"#all","cullface":"south","rotation":180}}},{"from":[7,3,16],"to":[8,4,16.5],"faces":{"east":{"uv":[7,12,8,13],"texture":"#all","cullface":"south"},"south":{"uv":[7,12,8,13],"texture":"#all","cullface":"south"},"west":{"uv":[7,12,8,13],"texture":"#all","cullface":"south"},"up":{"uv":[8,12,7,13],"texture":"#all","cullface":"south","rotation":180},"down":{"uv":[8,12,7,13],"texture":"#all","cullface":"south","rotation":180}}},{"from":[4,14,16],"to":[5,15,16.5],"faces":{"east":{"uv":[4,1,5,2],"texture":"#all","cullface":"south"},"south":{"uv":[4,1,5,2],"texture":"#all","cullface":"south"},"west":{"uv":[4,1,5,2],"texture":"#all","cullface":"south"},"up":{"uv":[5,1,4,2],"texture":"#all","cullface":"south","rotation":180},"down":{"uv":[5,1,4,2],"texture":"#all","cullface":"south","rotation":180}}},{"from":[13,8,16],"to":[15,9,16.5],"faces":{"east":{"uv":[14,7,15,8],"texture":"#all","cullface":"south"},"south":{"uv":[13,7,15,8],"texture":"#all","cullface":"south"},"west":{"uv":[13,7,14,8],"texture":"#all","cullface":"south"},"up":{"uv":[15,7,13,8],"texture":"#all","cullface":"south","rotation":180},"down":{"uv":[15,7,13,8],"texture":"#all","cullface":"south","rotation":180}}},{"from":[2,6,16],"to":[4,8,16.5],"faces":{"east":{"uv":[3,8,4,10],"texture":"#all","cullface":"south"},"south":{"uv":[2,8,4,10],"texture":"#all","cullface":"south"},"west":{"uv":[2,8,3,10],"texture":"#all","cullface":"south"},"up":{"uv":[4,8,2,9],"texture":"#all","cullface":"south","rotation":180},"down":{"uv":[4,9,2,10],"texture":"#all","cullface":"south","rotation":180}}},{"from":[12,11,16],"to":[14,13,16.5],"faces":{"east":{"uv":[13,3,14,5],"texture":"#all","cullface":"south"},"south":{"uv":[12,3,14,5],"texture":"#all","cullface":"south"},"west":{"uv":[12,3,13,5],"texture":"#all","cullface":"south"},"up":{"uv":[14,3,12,4],"texture":"#all","cullface":"south","rotation":180},"down":{"uv":[14,4,12,5],"texture":"#all","cullface":"south","rotation":180}}},{"from":[13,12,16],"to":[15,14,16.5],"faces":{"east":{"uv":[14,2,15,4],"texture":"#all","cullface":"south"},"south":{"uv":[13,2,15,4],"texture":"#all","cullface":"south"},"west":{"uv":[13,2,14,4],"texture":"#all","cullface":"south"},"up":{"uv":[15,2,13,3],"texture":"#all","cullface":"south","rotation":180},"down":{"uv":[15,3,13,4],"texture":"#all","cullface":"south","rotation":180}}},{"from":[3,1,16],"to":[5,4,16.5],"faces":{"east":{"uv":[4,12,5,15],"texture":"#all","cullface":"south"},"south":{"uv":[3,12,5,15],"texture":"#all","cullface":"south"},"west":{"uv":[3,12,4,15],"texture":"#all","cullface":"south"},"down":{"uv":[5,14,3,15],"texture":"#all","cullface":"south","rotation":180}}},{"from":[1,2,16],"to":[6,3,16.5],"faces":{"east":{"uv":[5,13,6,14],"texture":"#all","cullface":"south"},"south":{"uv":[1,13,6,14],"texture":"#all","cullface":"south"},"west":{"uv":[1,13,2,14],"texture":"#all","cullface":"south"},"up":{"uv":[6,13,1,14],"texture":"#all","cullface":"south","rotation":180},"down":{"uv":[6,13,1,14],"texture":"#all","cullface":"south","rotation":180}}},{"from":[2,3,16],"to":[5,4,16.5],"faces":{"south":{"uv":[2,12,5,13],"texture":"#all","cullface":"south"},"west":{"uv":[2,12,3,13],"texture":"#all","cullface":"south"},"up":{"uv":[5,12,2,13],"texture":"#all","cullface":"south","rotation":180}}},{"from":[10,2,16],"to":[12,6,16.5],"faces":{"east":{"uv":[11,10,12,14],"texture":"#all","cullface":"south"},"south":{"uv":[10,10,12,14],"texture":"#all","cullface":"south"},"west":{"uv":[10,10,11,14],"texture":"#all","cullface":"south"},"down":{"uv":[12,13,10,14],"texture":"#all","cullface":"south","rotation":180}}},{"from":[10,3,16],"to":[13,6,16.5],"faces":{"east":{"uv":[12,10,13,13],"texture":"#all","cullface":"south"},"south":{"uv":[10,10,13,13],"texture":"#all","cullface":"south"},"up":{"uv":[13,10,10,11],"texture":"#all","cullface":"south","rotation":180},"down":{"uv":[13,12,10,13],"texture":"#all","cullface":"south","rotation":180}}},{"from":[9,4,16],"to":[15,5,16.5],"faces":{"east":{"uv":[14,11,15,12],"texture":"#all","cullface":"south"},"south":{"uv":[9,11,15,12],"texture":"#all","cullface":"south"},"west":{"uv":[9,11,10,12],"texture":"#all","cullface":"south"},"up":{"uv":[15,11,9,12],"texture":"#all","cullface":"south","rotation":180},"down":{"uv":[15,11,9,12],"texture":"#all","cullface":"south","rotation":180}}},{"from":[6,7,16],"to":[7,13,16.5],"faces":{"east":{"uv":[6,3,7,9],"texture":"#all","cullface":"south"},"south":{"uv":[6,3,7,9],"texture":"#all","cullface":"south"},"west":{"uv":[6,3,7,9],"texture":"#all","cullface":"south"},"down":{"uv":[7,8,6,9],"texture":"#all","cullface":"south","rotation":180}}},{"from":[5,9,16],"to":[9,12,16.5],"faces":{"south":{"uv":[5,4,9,7],"texture":"#all","cullface":"south"},"west":{"uv":[5,4,6,7],"texture":"#all","cullface":"south"},"up":{"uv":[9,4,5,5],"texture":"#all","cullface":"south","rotation":180},"down":{"uv":[9,6,5,7],"texture":"#all","cullface":"south","rotation":180}}},{"from":[6,9,16],"to":[9,13,16.5],"faces":{"east":{"uv":[8,3,9,7],"texture":"#all","cullface":"south"},"south":{"uv":[6,3,9,7],"texture":"#all","cullface":"south"},"up":{"uv":[9,3,6,4],"texture":"#all","cullface":"south","rotation":180}}},{"from":[4,10,16],"to":[5,11,16.5],"faces":{"south":{"uv":[4,5,5,6],"texture":"#all","cullface":"south"},"west":{"uv":[4,5,5,6],"texture":"#all","cullface":"south"},"up":{"uv":[5,5,4,6],"texture":"#all","cullface":"south","rotation":180},"down":{"uv":[5,5,4,6],"texture":"#all","cullface":"south","rotation":180}}},{"from":[7,13,16],"to":[8,14,16.5],"faces":{"east":{"uv":[7,2,8,3],"texture":"#all","cullface":"south"},"south":{"uv":[7,2,8,3],"texture":"#all","cullface":"south"},"west":{"uv":[7,2,8,3],"texture":"#all","cullface":"south"},"up":{"uv":[8,2,7,3],"texture":"#all","cullface":"south","rotation":180}}},{"from":[-0.5,1,14],"to":[0,2,15],"faces":{"north":{"uv":[14,14,15,15],"texture":"#all","cullface":"west"},"south":{"uv":[14,14,15,15],"texture":"#all","cullface":"west"},"west":{"uv":[14,14,15,15],"texture":"#all","cullface":"west"},"up":{"uv":[15,14,14,15],"texture":"#all","cullface":"west","rotation":270},"down":{"uv":[15,14,14,15],"texture":"#all","cullface":"west","rotation":90}}},{"from":[-0.5,3,7],"to":[0,4,8],"faces":{"north":{"uv":[7,12,8,13],"texture":"#all","cullface":"west"},"south":{"uv":[7,12,8,13],"texture":"#all","cullface":"west"},"west":{"uv":[7,12,8,13],"texture":"#all","cullface":"west"},"up":{"uv":[8,12,7,13],"texture":"#all","cullface":"west","rotation":270},"down":{"uv":[8,12,7,13],"texture":"#all","cullface":"west","rotation":90}}},{"from":[-0.5,14,4],"to":[0,15,5],"faces":{"north":{"uv":[4,1,5,2],"texture":"#all","cullface":"west"},"south":{"uv":[4,1,5,2],"texture":"#all","cullface":"west"},"west":{"uv":[4,1,5,2],"texture":"#all","cullface":"west"},"up":{"uv":[5,1,4,2],"texture":"#all","cullface":"west","rotation":270},"down":{"uv":[5,1,4,2],"texture":"#all","cullface":"west","rotation":90}}},{"from":[-0.5,8,13],"to":[0,9,15],"faces":{"north":{"uv":[13,7,14,8],"texture":"#all","cullface":"west"},"south":{"uv":[14,7,15,8],"texture":"#all","cullface":"west"},"west":{"uv":[13,7,15,8],"texture":"#all","cullface":"west"},"up":{"uv":[15,7,13,8],"texture":"#all","cullface":"west","rotation":270},"down":{"uv":[15,7,13,8],"texture":"#all","cullface":"west","rotation":90}}},{"from":[-0.5,6,2],"to":[0,8,4],"faces":{"north":{"uv":[2,8,3,10],"texture":"#all","cullface":"west"},"south":{"uv":[3,8,4,10],"texture":"#all","cullface":"west"},"west":{"uv":[2,8,4,10],"texture":"#all","cullface":"west"},"up":{"uv":[4,8,2,9],"texture":"#all","cullface":"west","rotation":270},"down":{"uv":[4,9,2,10],"texture":"#all","cullface":"west","rotation":90}}},{"from":[-0.5,11,12],"to":[0,13,14],"faces":{"north":{"uv":[12,3,13,5],"texture":"#all","cullface":"west"},"south":{"uv":[13,3,14,5],"texture":"#all","cullface":"west"},"west":{"uv":[12,3,14,5],"texture":"#all","cullface":"west"},"up":{"uv":[14,3,12,4],"texture":"#all","cullface":"west","rotation":270},"down":{"uv":[14,4,12,5],"texture":"#all","cullface":"west","rotation":90}}},{"from":[-0.5,12,13],"to":[0,14,15],"faces":{"north":{"uv":[13,2,14,4],"texture":"#all","cullface":"west"},"south":{"uv":[14,2,15,4],"texture":"#all","cullface":"west"},"west":{"uv":[13,2,15,4],"texture":"#all","cullface":"west"},"up":{"uv":[15,2,13,3],"texture":"#all","cullface":"west","rotation":270},"down":{"uv":[15,3,13,4],"texture":"#all","cullface":"west","rotation":90}}},{"from":[-0.5,1,3],"to":[0,4,5],"faces":{"north":{"uv":[3,12,4,15],"texture":"#all","cullface":"west"},"south":{"uv":[4,12,5,15],"texture":"#all","cullface":"west"},"west":{"uv":[3,12,5,15],"texture":"#all","cullface":"west"},"down":{"uv":[5,14,3,15],"texture":"#all","cullface":"west","rotation":90}}},{"from":[-0.5,2,1],"to":[0,3,6],"faces":{"north":{"uv":[1,13,2,14],"texture":"#all","cullface":"west"},"south":{"uv":[5,13,6,14],"texture":"#all","cullface":"west"},"west":{"uv":[1,13,6,14],"texture":"#all","cullface":"west"},"up":{"uv":[6,13,1,14],"texture":"#all","cullface":"west","rotation":270},"down":{"uv":[6,13,1,14],"texture":"#all","cullface":"west","rotation":90}}},{"from":[-0.5,3,2],"to":[0,4,5],"faces":{"north":{"uv":[2,12,3,13],"texture":"#all","cullface":"west"},"west":{"uv":[2,12,5,13],"texture":"#all","cullface":"west"},"up":{"uv":[5,12,2,13],"texture":"#all","cullface":"west","rotation":270}}},{"from":[-0.5,2,10],"to":[0,6,12],"faces":{"north":{"uv":[10,10,11,14],"texture":"#all","cullface":"west"},"south":{"uv":[11,10,12,14],"texture":"#all","cullface":"west"},"west":{"uv":[10,10,12,14],"texture":"#all","cullface":"west"},"down":{"uv":[12,13,10,14],"texture":"#all","cullface":"west","rotation":90}}},{"from":[-0.5,3,10],"to":[0,6,13],"faces":{"south":{"uv":[12,10,13,13],"texture":"#all","cullface":"west"},"west":{"uv":[10,10,13,13],"texture":"#all","cullface":"west"},"up":{"uv":[13,10,10,11],"texture":"#all","cullface":"west","rotation":270},"down":{"uv":[13,12,10,13],"texture":"#all","cullface":"west","rotation":90}}},{"from":[-0.5,4,9],"to":[0,5,15],"faces":{"north":{"uv":[9,11,10,12],"texture":"#all","cullface":"west"},"south":{"uv":[14,11,15,12],"texture":"#all","cullface":"west"},"west":{"uv":[9,11,15,12],"texture":"#all","cullface":"west"},"up":{"uv":[15,11,9,12],"texture":"#all","cullface":"west","rotation":270},"down":{"uv":[15,11,9,12],"texture":"#all","cullface":"west","rotation":90}}},{"from":[-0.5,7,6],"to":[0,13,7],"faces":{"north":{"uv":[6,3,7,9],"texture":"#all","cullface":"west"},"south":{"uv":[6,3,7,9],"texture":"#all","cullface":"west"},"west":{"uv":[6,3,7,9],"texture":"#all","cullface":"west"},"down":{"uv":[7,8,6,9],"texture":"#all","cullface":"west","rotation":90}}},{"from":[-0.5,9,5],"to":[0,12,9],"faces":{"north":{"uv":[5,4,6,7],"texture":"#all","cullface":"west"},"west":{"uv":[5,4,9,7],"texture":"#all","cullface":"west"},"up":{"uv":[9,4,5,5],"texture":"#all","cullface":"west","rotation":270},"down":{"uv":[9,6,5,7],"texture":"#all","cullface":"west","rotation":90}}},{"from":[-0.5,9,6],"to":[0,13,9],"faces":{"south":{"uv":[8,3,9,7],"texture":"#all","cullface":"west"},"west":{"uv":[6,3,9,7],"texture":"#all","cullface":"west"},"up":{"uv":[9,3,6,4],"texture":"#all","cullface":"west","rotation":270}}},{"from":[-0.5,10,4],"to":[0,11,5],"faces":{"north":{"uv":[4,5,5,6],"texture":"#all","cullface":"west"},"west":{"uv":[4,5,5,6],"texture":"#all","cullface":"west"},"up":{"uv":[5,5,4,6],"texture":"#all","cullface":"west","rotation":270},"down":{"uv":[5,5,4,6],"texture":"#all","cullface":"west","rotation":90}}},{"from":[-0.5,13,7],"to":[0,14,8],"faces":{"north":{"uv":[7,2,8,3],"texture":"#all","cullface":"west"},"south":{"uv":[7,2,8,3],"texture":"#all","cullface":"west"},"west":{"uv":[7,2,8,3],"texture":"#all","cullface":"west"},"up":{"uv":[8,2,7,3],"texture":"#all","cullface":"west","rotation":270}}},{"from":[14,16,14],"to":[15,16.5,15],"faces":{"north":{"uv":[15,14,14,15],"texture":"#all","cullface":"up"},"east":{"uv":[14,14,15,15],"texture":"#all","cullface":"up","rotation":90},"south":{"uv":[15,14,14,15],"texture":"#all","cullface":"up","rotation":180},"west":{"uv":[14,14,15,15],"texture":"#all","cullface":"up","rotation":270},"up":{"uv":[14,14,15,15],"texture":"#all","cullface":"up"}}},{"from":[7,16,12],"to":[8,16.5,13],"faces":{"north":{"uv":[8,12,7,13],"texture":"#all","cullface":"up"},"east":{"uv":[7,12,8,13],"texture":"#all","cullface":"up","rotation":90},"south":{"uv":[8,12,7,13],"texture":"#all","cullface":"up","rotation":180},"west":{"uv":[7,12,8,13],"texture":"#all","cullface":"up","rotation":270},"up":{"uv":[7,12,8,13],"texture":"#all","cullface":"up"}}},{"from":[4,16,1],"to":[5,16.5,2],"faces":{"north":{"uv":[5,1,4,2],"texture":"#all","cullface":"up"},"east":{"uv":[4,1,5,2],"texture":"#all","cullface":"up","rotation":90},"south":{"uv":[5,1,4,2],"texture":"#all","cullface":"up","rotation":180},"west":{"uv":[4,1,5,2],"texture":"#all","cullface":"up","rotation":270},"up":{"uv":[4,1,5,2],"texture":"#all","cullface":"up"}}},{"from":[13,16,7],"to":[15,16.5,8],"faces":{"north":{"uv":[15,7,13,8],"texture":"#all","cullface":"up"},"east":{"uv":[14,7,15,8],"texture":"#all","cullface":"up","rotation":90},"south":{"uv":[15,7,13,8],"texture":"#all","cullface":"up","rotation":180},"west":{"uv":[13,7,14,8],"texture":"#all","cullface":"up","rotation":270},"up":{"uv":[13,7,15,8],"texture":"#all","cullface":"up"}}},{"from":[2,16,8],"to":[4,16.5,10],"faces":{"north":{"uv":[4,8,2,9],"texture":"#all","cullface":"up"},"east":{"uv":[3,8,4,10],"texture":"#all","cullface":"up","rotation":90},"south":{"uv":[4,9,2,10],"texture":"#all","cullface":"up","rotation":180},"west":{"uv":[2,8,3,10],"texture":"#all","cullface":"up","rotation":270},"up":{"uv":[2,8,4,10],"texture":"#all","cullface":"up"}}},{"from":[12,16,3],"to":[14,16.5,5],"faces":{"north":{"uv":[14,3,12,4],"texture":"#all","cullface":"up"},"east":{"uv":[13,3,14,5],"texture":"#all","cullface":"up","rotation":90},"south":{"uv":[14,4,12,5],"texture":"#all","cullface":"up","rotation":180},"west":{"uv":[12,3,13,5],"texture":"#all","cullface":"up","rotation":270},"up":{"uv":[12,3,14,5],"texture":"#all","cullface":"up"}}},{"from":[13,16,2],"to":[15,16.5,4],"faces":{"north":{"uv":[15,2,13,3],"texture":"#all","cullface":"up"},"east":{"uv":[14,2,15,4],"texture":"#all","cullface":"up","rotation":90},"south":{"uv":[15,3,13,4],"texture":"#all","cullface":"up","rotation":180},"west":{"uv":[13,2,14,4],"texture":"#all","cullface":"up","rotation":270},"up":{"uv":[13,2,15,4],"texture":"#all","cullface":"up"}}},{"from":[3,16,12],"to":[5,16.5,15],"faces":{"east":{"uv":[4,12,5,15],"texture":"#all","cullface":"up","rotation":90},"south":{"uv":[5,14,3,15],"texture":"#all","cullface":"up","rotation":180},"west":{"uv":[3,12,4,15],"texture":"#all","cullface":"up","rotation":270},"up":{"uv":[3,12,5,15],"texture":"#all","cullface":"up"}}},{"from":[1,16,13],"to":[6,16.5,14],"faces":{"north":{"uv":[6,13,1,14],"texture":"#all","cullface":"up"},"east":{"uv":[5,13,6,14],"texture":"#all","cullface":"up","rotation":90},"south":{"uv":[6,13,1,14],"texture":"#all","cullface":"up","rotation":180},"west":{"uv":[1,13,2,14],"texture":"#all","cullface":"up","rotation":270},"up":{"uv":[1,13,6,14],"texture":"#all","cullface":"up"}}},{"from":[2,16,12],"to":[5,16.5,13],"faces":{"north":{"uv":[5,12,2,13],"texture":"#all","cullface":"up"},"west":{"uv":[2,12,3,13],"texture":"#all","cullface":"up","rotation":270},"up":{"uv":[2,12,5,13],"texture":"#all","cullface":"up"}}},{"from":[10,16,10],"to":[12,16.5,14],"faces":{"east":{"uv":[11,10,12,14],"texture":"#all","cullface":"up","rotation":90},"south":{"uv":[12,13,10,14],"texture":"#all","cullface":"up","rotation":180},"west":{"uv":[10,10,11,14],"texture":"#all","cullface":"up","rotation":270},"up":{"uv":[10,10,12,14],"texture":"#all","cullface":"up"}}},{"from":[10,16,10],"to":[13,16.5,13],"faces":{"north":{"uv":[13,10,10,11],"texture":"#all","cullface":"up"},"east":{"uv":[12,10,13,13],"texture":"#all","cullface":"up","rotation":90},"south":{"uv":[13,12,10,13],"texture":"#all","cullface":"up","rotation":180},"up":{"uv":[10,10,13,13],"texture":"#all","cullface":"up"}}},{"from":[9,16,11],"to":[15,16.5,12],"faces":{"north":{"uv":[15,11,9,12],"texture":"#all","cullface":"up"},"east":{"uv":[14,11,15,12],"texture":"#all","cullface":"up","rotation":90},"south":{"uv":[15,11,9,12],"texture":"#all","cullface":"up","rotation":180},"west":{"uv":[9,11,10,12],"texture":"#all","cullface":"up","rotation":270},"up":{"uv":[9,11,15,12],"texture":"#all","cullface":"up"}}},{"from":[6,16,3],"to":[7,16.5,9],"faces":{"east":{"uv":[6,3,7,9],"texture":"#all","cullface":"up","rotation":90},"south":{"uv":[7,8,6,9],"texture":"#all","cullface":"up","rotation":180},"west":{"uv":[6,3,7,9],"texture":"#all","cullface":"up","rotation":270},"up":{"uv":[6,3,7,9],"texture":"#all","cullface":"up"}}},{"from":[5,16,4],"to":[9,16.5,7],"faces":{"north":{"uv":[9,4,5,5],"texture":"#all","cullface":"up"},"south":{"uv":[9,6,5,7],"texture":"#all","cullface":"up","rotation":180},"west":{"uv":[5,4,6,7],"texture":"#all","cullface":"up","rotation":270},"up":{"uv":[5,4,9,7],"texture":"#all","cullface":"up"}}},{"from":[6,16,3],"to":[9,16.5,7],"faces":{"north":{"uv":[9,3,6,4],"texture":"#all","cullface":"up"},"east":{"uv":[8,3,9,7],"texture":"#all","cullface":"up","rotation":90},"up":{"uv":[6,3,9,7],"texture":"#all","cullface":"up"}}},{"from":[4,16,5],"to":[5,16.5,6],"faces":{"north":{"uv":[5,5,4,6],"texture":"#all","cullface":"up"},"south":{"uv":[5,5,4,6],"texture":"#all","cullface":"up","rotation":180},"west":{"uv":[4,5,5,6],"texture":"#all","cullface":"up","rotation":270},"up":{"uv":[4,5,5,6],"texture":"#all","cullface":"up"}}},{"from":[7,16,2],"to":[8,16.5,3],"faces":{"north":{"uv":[8,2,7,3],"texture":"#all","cullface":"up"},"east":{"uv":[7,2,8,3],"texture":"#all","cullface":"up","rotation":90},"west":{"uv":[7,2,8,3],"texture":"#all","cullface":"up","rotation":270},"up":{"uv":[7,2,8,3],"texture":"#all","cullface":"up"}}},{"from":[14,-0.5,1],"to":[15,0,2],"faces":{"north":{"uv":[15,14,14,15],"texture":"#all","cullface":"down"},"east":{"uv":[14,14,15,15],"texture":"#all","cullface":"down","rotation":270},"south":{"uv":[15,14,14,15],"texture":"#all","cullface":"down","rotation":180},"west":{"uv":[14,14,15,15],"texture":"#all","cullface":"down","rotation":90},"down":{"uv":[14,14,15,15],"texture":"#all","cullface":"down"}}},{"from":[7,-0.5,3],"to":[8,0,4],"faces":{"north":{"uv":[8,12,7,13],"texture":"#all","cullface":"down"},"east":{"uv":[7,12,8,13],"texture":"#all","cullface":"down","rotation":270},"south":{"uv":[8,12,7,13],"texture":"#all","cullface":"down","rotation":180},"west":{"uv":[7,12,8,13],"texture":"#all","cullface":"down","rotation":90},"down":{"uv":[7,12,8,13],"texture":"#all","cullface":"down"}}},{"from":[4,-0.5,14],"to":[5,0,15],"faces":{"north":{"uv":[5,1,4,2],"texture":"#all","cullface":"down"},"east":{"uv":[4,1,5,2],"texture":"#all","cullface":"down","rotation":270},"south":{"uv":[5,1,4,2],"texture":"#all","cullface":"down","rotation":180},"west":{"uv":[4,1,5,2],"texture":"#all","cullface":"down","rotation":90},"down":{"uv":[4,1,5,2],"texture":"#all","cullface":"down"}}},{"from":[13,-0.5,8],"to":[15,0,9],"faces":{"north":{"uv":[15,7,13,8],"texture":"#all","cullface":"down"},"east":{"uv":[14,7,15,8],"texture":"#all","cullface":"down","rotation":270},"south":{"uv":[15,7,13,8],"texture":"#all","cullface":"down","rotation":180},"west":{"uv":[13,7,14,8],"texture":"#all","cullface":"down","rotation":90},"down":{"uv":[13,7,15,8],"texture":"#all","cullface":"down"}}},{"from":[2,-0.5,6],"to":[4,0,8],"faces":{"north":{"uv":[4,9,2,10],"texture":"#all","cullface":"down"},"east":{"uv":[3,8,4,10],"texture":"#all","cullface":"down","rotation":270},"south":{"uv":[4,8,2,9],"texture":"#all","cullface":"down","rotation":180},"west":{"uv":[2,8,3,10],"texture":"#all","cullface":"down","rotation":90},"down":{"uv":[2,8,4,10],"texture":"#all","cullface":"down"}}},{"from":[12,-0.5,11],"to":[14,0,13],"faces":{"north":{"uv":[14,4,12,5],"texture":"#all","cullface":"down"},"east":{"uv":[13,3,14,5],"texture":"#all","cullface":"down","rotation":270},"south":{"uv":[14,3,12,4],"texture":"#all","cullface":"down","rotation":180},"west":{"uv":[12,3,13,5],"texture":"#all","cullface":"down","rotation":90},"down":{"uv":[12,3,14,5],"texture":"#all","cullface":"down"}}},{"from":[13,-0.5,12],"to":[15,0,14],"faces":{"north":{"uv":[15,3,13,4],"texture":"#all","cullface":"down"},"east":{"uv":[14,2,15,4],"texture":"#all","cullface":"down","rotation":270},"south":{"uv":[15,2,13,3],"texture":"#all","cullface":"down","rotation":180},"west":{"uv":[13,2,14,4],"texture":"#all","cullface":"down","rotation":90},"down":{"uv":[13,2,15,4],"texture":"#all","cullface":"down"}}},{"from":[3,-0.5,1],"to":[5,0,4],"faces":{"north":{"uv":[5,14,3,15],"texture":"#all","cullface":"down"},"east":{"uv":[4,12,5,15],"texture":"#all","cullface":"down","rotation":270},"west":{"uv":[3,12,4,15],"texture":"#all","cullface":"down","rotation":90},"down":{"uv":[3,12,5,15],"texture":"#all","cullface":"down"}}},{"from":[1,-0.5,2],"to":[6,0,3],"faces":{"north":{"uv":[6,13,1,14],"texture":"#all","cullface":"down"},"east":{"uv":[5,13,6,14],"texture":"#all","cullface":"down","rotation":270},"south":{"uv":[6,13,1,14],"texture":"#all","cullface":"down","rotation":180},"west":{"uv":[1,13,2,14],"texture":"#all","cullface":"down","rotation":90},"down":{"uv":[1,13,6,14],"texture":"#all","cullface":"down"}}},{"from":[2,-0.5,3],"to":[5,0,4],"faces":{"south":{"uv":[5,12,2,13],"texture":"#all","cullface":"down","rotation":180},"west":{"uv":[2,12,3,13],"texture":"#all","cullface":"down","rotation":90},"down":{"uv":[2,12,5,13],"texture":"#all","cullface":"down"}}},{"from":[10,-0.5,2],"to":[12,0,6],"faces":{"north":{"uv":[12,13,10,14],"texture":"#all","cullface":"down"},"east":{"uv":[11,10,12,14],"texture":"#all","cullface":"down","rotation":270},"west":{"uv":[10,10,11,14],"texture":"#all","cullface":"down","rotation":90},"down":{"uv":[10,10,12,14],"texture":"#all","cullface":"down"}}},{"from":[10,-0.5,3],"to":[13,0,6],"faces":{"north":{"uv":[13,12,10,13],"texture":"#all","cullface":"down"},"east":{"uv":[12,10,13,13],"texture":"#all","cullface":"down","rotation":270},"south":{"uv":[13,10,10,11],"texture":"#all","cullface":"down","rotation":180},"down":{"uv":[10,10,13,13],"texture":"#all","cullface":"down"}}},{"from":[9,-0.5,4],"to":[15,0,5],"faces":{"north":{"uv":[15,11,9,12],"texture":"#all","cullface":"down"},"east":{"uv":[14,11,15,12],"texture":"#all","cullface":"down","rotation":270},"south":{"uv":[15,11,9,12],"texture":"#all","cullface":"down","rotation":180},"west":{"uv":[9,11,10,12],"texture":"#all","cullface":"down","rotation":90},"down":{"uv":[9,11,15,12],"texture":"#all","cullface":"down"}}},{"from":[6,-0.5,7],"to":[7,0,13],"faces":{"north":{"uv":[7,8,6,9],"texture":"#all","cullface":"down"},"east":{"uv":[6,3,7,9],"texture":"#all","cullface":"down","rotation":270},"west":{"uv":[6,3,7,9],"texture":"#all","cullface":"down","rotation":90},"down":{"uv":[6,3,7,9],"texture":"#all","cullface":"down"}}},{"from":[5,-0.5,9],"to":[9,0,12],"faces":{"north":{"uv":[9,6,5,7],"texture":"#all","cullface":"down"},"south":{"uv":[9,4,5,5],"texture":"#all","cullface":"down","rotation":180},"west":{"uv":[5,4,6,7],"texture":"#all","cullface":"down","rotation":90},"down":{"uv":[5,4,9,7],"texture":"#all","cullface":"down"}}},{"from":[6,-0.5,9],"to":[9,0,13],"faces":{"east":{"uv":[8,3,9,7],"texture":"#all","cullface":"down","rotation":270},"south":{"uv":[9,3,6,4],"texture":"#all","cullface":"down","rotation":180},"down":{"uv":[6,3,9,7],"texture":"#all","cullface":"down"}}},{"from":[4,-0.5,10],"to":[5,0,11],"faces":{"north":{"uv":[5,5,4,6],"texture":"#all","cullface":"down"},"south":{"uv":[5,5,4,6],"texture":"#all","cullface":"down","rotation":180},"west":{"uv":[4,5,5,6],"texture":"#all","cullface":"down","rotation":90},"down":{"uv":[4,5,5,6],"texture":"#all","cullface":"down"}}},{"from":[7,-0.5,13],"to":[8,0,14],"faces":{"east":{"uv":[7,2,8,3],"texture":"#all","cullface":"down","rotation":270},"south":{"uv":[8,2,7,3],"texture":"#all","cullface":"down","rotation":180},"west":{"uv":[7,2,8,3],"texture":"#all","cullface":"down","rotation":90},"down":{"uv":[7,2,8,3],"texture":"#all","cullface":"down"}}}]}