{"parent":"minecraft:block/cube_all","elements":[{"from":[0,0,0],"to":[16,16,16],"faces":{"north":{"uv":[0,0,16,16],"texture":"#all","cullface":"north"},"east":{"uv":[0,0,16,16],"texture":"#all","cullface":"east"},"south":{"uv":[0,0,16,16],"texture":"#all","cullface":"south"},"west":{"uv":[0,0,16,16],"texture":"#all","cullface":"west"},"up":{"uv":[0,0,16,16],"texture":"#all","cullface":"up"},"down":{"uv":[0,0,16,16],"texture":"#all","cullface":"down"}}},{"from":[9,1,-0.5],"to":[12,3,0],"faces":{"north":{"uv":[4,13,7,15],"texture":"#all","cullface":"north"},"east":{"uv":[4,13,5,15],"texture":"#all","cullface":"north"},"west":{"uv":[6,13,7,15],"texture":"#all","cullface":"north"},"up":{"uv":[4,13,7,14],"texture":"#all","cullface":"north","rotation":180},"down":{"uv":[4,14,7,15],"texture":"#all","cullface":"north","rotation":180}}},{"from":[5,2,-0.5],"to":[8,4,0],"faces":{"north":{"uv":[8,12,11,14],"texture":"#all","cullface":"north"},"east":{"uv":[8,12,9,14],"texture":"#all","cullface":"north"},"west":{"uv":[10,12,11,14],"texture":"#all","cullface":"north"},"up":{"uv":[8,12,11,13],"texture":"#all","cullface":"north","rotation":180},"down":{"uv":[8,13,11,14],"texture":"#all","cullface":"north","rotation":180}}},{"from":[5,5,-0.5],"to":[8,7,0],"faces":{"north":{"uv":[8,9,11,11],"texture":"#all","cullface":"north"},"east":{"uv":[8,9,9,11],"texture":"#all","cullface":"north"},"west":{"uv":[10,9,11,11],"texture":"#all","cullface":"north"},"up":{"uv":[8,9,11,10],"texture":"#all","cullface":"north","rotation":180},"down":{"uv":[8,10,11,11],"texture":"#all","cullface":"north","rotation":180}}},{"from":[4,6,-0.5],"to":[9,6,0],"faces":{"down":{"uv":[7,9,12,10],"texture":"#all","cullface":"north","rotation":180}}},{"from":[8,6,-0.5],"to":[9,8,0],"faces":{"north":{"uv":[7,8,8,10],"texture":"#all","cullface":"north"},"east":{"uv":[7,8,8,10],"texture":"#all","cullface":"north"},"west":{"uv":[7,8,8,10],"texture":"#all","cullface":"north"},"up":{"uv":[7,8,8,9],"texture":"#all","cullface":"north","rotation":180}}},{"from":[11,4,-0.5],"to":[12,6,0],"faces":{"north":{"uv":[4,10,5,12],"texture":"#all","cullface":"north"},"east":{"uv":[4,10,5,12],"texture":"#all","cullface":"north"},"west":{"uv":[4,10,5,12],"texture":"#all","cullface":"north"},"up":{"uv":[4,10,5,11],"texture":"#all","cullface":"north","rotation":180}}},{"from":[11,4,-0.5],"to":[14,5,0],"faces":{"north":{"uv":[2,11,5,12],"texture":"#all","cullface":"north"},"east":{"uv":[2,11,3,12],"texture":"#all","cullface":"north"},"up":{"uv":[2,11,5,12],"texture":"#all","cullface":"north","rotation":180},"down":{"uv":[2,11,5,12],"texture":"#all","cullface":"north","rotation":180}}},{"from":[13,7,-0.5],"to":[15,9,0],"faces":{"north":{"uv":[1,7,3,9],"texture":"#all","cullface":"north"},"east":{"uv":[1,7,2,9],"texture":"#all","cullface":"north"},"west":{"uv":[2,7,3,9],"texture":"#all","cullface":"north"},"up":{"uv":[1,7,3,8],"texture":"#all","cullface":"north","rotation":180},"down":{"uv":[1,8,3,9],"texture":"#all","cullface":"north","rotation":180}}},{"from":[8,9,-0.5],"to":[13,10,0],"faces":{"north":{"uv":[3,6,8,7],"texture":"#all","cullface":"north"},"east":{"uv":[3,6,4,7],"texture":"#all","cullface":"north"},"west":{"uv":[7,6,8,7],"texture":"#all","cullface":"north"},"up":{"uv":[3,6,8,7],"texture":"#all","cullface":"north","rotation":180},"down":{"uv":[3,6,8,7],"texture":"#all","cullface":"north","rotation":180}}},{"from":[9,10,-0.5],"to":[11,11,0],"faces":{"north":{"uv":[5,5,7,6],"texture":"#all","cullface":"north"},"east":{"uv":[5,5,6,6],"texture":"#all","cullface":"north"},"west":{"uv":[6,5,7,6],"texture":"#all","cullface":"north"},"up":{"uv":[5,5,7,6],"texture":"#all","cullface":"north","rotation":180}}},{"from":[7,12,-0.5],"to":[9,13,0],"faces":{"north":{"uv":[7,3,9,4],"texture":"#all","cullface":"north"},"east":{"uv":[7,3,8,4],"texture":"#all","cullface":"north"},"west":{"uv":[8,3,9,4],"texture":"#all","cullface":"north"},"up":{"uv":[7,3,9,4],"texture":"#all","cullface":"north","rotation":180},"down":{"uv":[7,3,9,4],"texture":"#all","cullface":"north","rotation":180}}},{"from":[2,13,-0.5],"to":[4,14,0],"faces":{"north":{"uv":[12,2,14,3],"texture":"#all","cullface":"north"},"east":{"uv":[12,2,13,3],"texture":"#all","cullface":"north"},"west":{"uv":[13,2,14,3],"texture":"#all","cullface":"north"},"up":{"uv":[12,2,14,3],"texture":"#all","cullface":"north","rotation":180},"down":{"uv":[12,2,14,3],"texture":"#all","cullface":"north","rotation":180}}},{"from":[4,9,-0.5],"to":[6,11,0],"faces":{"north":{"uv":[10,5,12,7],"texture":"#all","cullface":"north"},"east":{"uv":[10,5,11,7],"texture":"#all","cullface":"north"},"west":{"uv":[11,5,12,7],"texture":"#all","cullface":"north"},"up":{"uv":[10,5,12,6],"texture":"#all","cullface":"north","rotation":180},"down":{"uv":[10,6,12,7],"texture":"#all","cullface":"north","rotation":180}}},{"from":[1,3,-0.5],"to":[3,6,0],"faces":{"north":{"uv":[13,10,15,13],"texture":"#all","cullface":"north"},"west":{"uv":[14,10,15,13],"texture":"#all","cullface":"north"},"up":{"uv":[13,10,15,11],"texture":"#all","cullface":"north","rotation":180},"down":{"uv":[13,12,15,13],"texture":"#all","cullface":"north","rotation":180}}},{"from":[2,3,-0.5],"to":[3,7,0],"faces":{"north":{"uv":[13,9,14,13],"texture":"#all","cullface":"north"},"east":{"uv":[13,9,14,13],"texture":"#all","cullface":"north"},"west":{"uv":[13,9,14,13],"texture":"#all","cullface":"north"},"up":{"uv":[13,9,14,10],"texture":"#all","cullface":"north","rotation":180}}},{"from":[10,3,-0.5],"to":[11,4,0],"faces":{"north":{"uv":[5,12,6,13],"texture":"#all","cullface":"north"},"east":{"uv":[5,12,6,13],"texture":"#all","cullface":"north"},"west":{"uv":[5,12,6,13],"texture":"#all","cullface":"north"},"up":{"uv":[5,12,6,13],"texture":"#all","cullface":"north","rotation":180}}},{"from":[10,12,-0.5],"to":[11,14,0],"faces":{"north":{"uv":[5,2,6,4],"texture":"#all","cullface":"north"},"east":{"uv":[5,2,6,4],"texture":"#all","cullface":"north"},"west":{"uv":[5,2,6,4],"texture":"#all","cullface":"north"},"down":{"uv":[5,3,6,4],"texture":"#all","cullface":"north","rotation":180}}},{"from":[10,13,-0.5],"to":[14,14,0],"faces":{"north":{"uv":[2,2,6,3],"texture":"#all","cullface":"north"},"east":{"uv":[2,2,3,3],"texture":"#all","cullface":"north"},"up":{"uv":[2,2,6,3],"texture":"#all","cullface":"north","rotation":180},"down":{"uv":[2,2,6,3],"texture":"#all","cullface":"north","rotation":180}}},{"from":[4,6,-0.5],"to":[7,8,0],"faces":{"north":{"uv":[9,8,12,10],"texture":"#all","cullface":"north"},"east":{"uv":[9,8,10,10],"texture":"#all","cullface":"north"},"west":{"uv":[11,8,12,10],"texture":"#all","cullface":"north"},"up":{"uv":[9,8,12,9],"texture":"#all","cullface":"north","rotation":180}}},{"from":[16,1,9],"to":[16.5,3,12],"faces":{"north":{"uv":[6,13,7,15],"texture":"#all","cullface":"east"},"east":{"uv":[4,13,7,15],"texture":"#all","cullface":"east"},"south":{"uv":[4,13,5,15],"texture":"#all","cullface":"east"},"up":{"uv":[4,13,7,14],"texture":"#all","cullface":"east","rotation":270},"down":{"uv":[4,14,7,15],"texture":"#all","cullface":"east","rotation":90}}},{"from":[16,2,5],"to":[16.5,4,8],"faces":{"north":{"uv":[10,12,11,14],"texture":"#all","cullface":"east"},"east":{"uv":[8,12,11,14],"texture":"#all","cullface":"east"},"south":{"uv":[8,12,9,14],"texture":"#all","cullface":"east"},"up":{"uv":[8,12,11,13],"texture":"#all","cullface":"east","rotation":270},"down":{"uv":[8,13,11,14],"texture":"#all","cullface":"east","rotation":90}}},{"from":[16,5,5],"to":[16.5,7,8],"faces":{"north":{"uv":[10,9,11,11],"texture":"#all","cullface":"east"},"east":{"uv":[8,9,11,11],"texture":"#all","cullface":"east"},"south":{"uv":[8,9,9,11],"texture":"#all","cullface":"east"},"up":{"uv":[8,9,11,10],"texture":"#all","cullface":"east","rotation":270},"down":{"uv":[8,10,11,11],"texture":"#all","cullface":"east","rotation":90}}},{"from":[16,6,4],"to":[16.5,6,9],"faces":{"down":{"uv":[7,9,12,10],"texture":"#all","cullface":"east","rotation":90}}},{"from":[16,6,8],"to":[16.5,8,9],"faces":{"north":{"uv":[7,8,8,10],"texture":"#all","cullface":"east"},"east":{"uv":[7,8,8,10],"texture":"#all","cullface":"east"},"south":{"uv":[7,8,8,10],"texture":"#all","cullface":"east"},"up":{"uv":[7,8,8,9],"texture":"#all","cullface":"east","rotation":270}}},{"from":[16,4,11],"to":[16.5,6,12],"faces":{"north":{"uv":[4,10,5,12],"texture":"#all","cullface":"east"},"east":{"uv":[4,10,5,12],"texture":"#all","cullface":"east"},"south":{"uv":[4,10,5,12],"texture":"#all","cullface":"east"},"up":{"uv":[4,10,5,11],"texture":"#all","cullface":"east","rotation":270}}},{"from":[16,4,11],"to":[16.5,5,14],"faces":{"east":{"uv":[2,11,5,12],"texture":"#all","cullface":"east"},"south":{"uv":[2,11,3,12],"texture":"#all","cullface":"east"},"up":{"uv":[2,11,5,12],"texture":"#all","cullface":"east","rotation":270},"down":{"uv":[2,11,5,12],"texture":"#all","cullface":"east","rotation":90}}},{"from":[16,7,13],"to":[16.5,9,15],"faces":{"north":{"uv":[2,7,3,9],"texture":"#all","cullface":"east"},"east":{"uv":[1,7,3,9],"texture":"#all","cullface":"east"},"south":{"uv":[1,7,2,9],"texture":"#all","cullface":"east"},"up":{"uv":[1,7,3,8],"texture":"#all","cullface":"east","rotation":270},"down":{"uv":[1,8,3,9],"texture":"#all","cullface":"east","rotation":90}}},{"from":[16,9,8],"to":[16.5,10,13],"faces":{"north":{"uv":[7,6,8,7],"texture":"#all","cullface":"east"},"east":{"uv":[3,6,8,7],"texture":"#all","cullface":"east"},"south":{"uv":[3,6,4,7],"texture":"#all","cullface":"east"},"up":{"uv":[3,6,8,7],"texture":"#all","cullface":"east","rotation":270},"down":{"uv":[3,6,8,7],"texture":"#all","cullface":"east","rotation":90}}},{"from":[16,10,9],"to":[16.5,11,11],"faces":{"north":{"uv":[6,5,7,6],"texture":"#all","cullface":"east"},"east":{"uv":[5,5,7,6],"texture":"#all","cullface":"east"},"south":{"uv":[5,5,6,6],"texture":"#all","cullface":"east"},"up":{"uv":[5,5,7,6],"texture":"#all","cullface":"east","rotation":270}}},{"from":[16,12,7],"to":[16.5,13,9],"faces":{"north":{"uv":[8,3,9,4],"texture":"#all","cullface":"east"},"east":{"uv":[7,3,9,4],"texture":"#all","cullface":"east"},"south":{"uv":[7,3,8,4],"texture":"#all","cullface":"east"},"up":{"uv":[7,3,9,4],"texture":"#all","cullface":"east","rotation":270},"down":{"uv":[7,3,9,4],"texture":"#all","cullface":"east","rotation":90}}},{"from":[16,13,2],"to":[16.5,14,4],"faces":{"north":{"uv":[13,2,14,3],"texture":"#all","cullface":"east"},"east":{"uv":[12,2,14,3],"texture":"#all","cullface":"east"},"south":{"uv":[12,2,13,3],"texture":"#all","cullface":"east"},"up":{"uv":[12,2,14,3],"texture":"#all","cullface":"east","rotation":270},"down":{"uv":[12,2,14,3],"texture":"#all","cullface":"east","rotation":90}}},{"from":[16,9,4],"to":[16.5,11,6],"faces":{"north":{"uv":[11,5,12,7],"texture":"#all","cullface":"east"},"east":{"uv":[10,5,12,7],"texture":"#all","cullface":"east"},"south":{"uv":[10,5,11,7],"texture":"#all","cullface":"east"},"up":{"uv":[10,5,12,6],"texture":"#all","cullface":"east","rotation":270},"down":{"uv":[10,6,12,7],"texture":"#all","cullface":"east","rotation":90}}},{"from":[16,3,1],"to":[16.5,6,3],"faces":{"north":{"uv":[14,10,15,13],"texture":"#all","cullface":"east"},"east":{"uv":[13,10,15,13],"texture":"#all","cullface":"east"},"up":{"uv":[13,10,15,11],"texture":"#all","cullface":"east","rotation":270},"down":{"uv":[13,12,15,13],"texture":"#all","cullface":"east","rotation":90}}},{"from":[16,3,2],"to":[16.5,7,3],"faces":{"north":{"uv":[13,9,14,13],"texture":"#all","cullface":"east"},"east":{"uv":[13,9,14,13],"texture":"#all","cullface":"east"},"south":{"uv":[13,9,14,13],"texture":"#all","cullface":"east"},"up":{"uv":[13,9,14,10],"texture":"#all","cullface":"east","rotation":270}}},{"from":[16,3,10],"to":[16.5,4,11],"faces":{"north":{"uv":[5,12,6,13],"texture":"#all","cullface":"east"},"east":{"uv":[5,12,6,13],"texture":"#all","cullface":"east"},"south":{"uv":[5,12,6,13],"texture":"#all","cullface":"east"},"up":{"uv":[5,12,6,13],"texture":"#all","cullface":"east","rotation":270}}},{"from":[16,12,10],"to":[16.5,14,11],"faces":{"north":{"uv":[5,2,6,4],"texture":"#all","cullface":"east"},"east":{"uv":[5,2,6,4],"texture":"#all","cullface":"east"},"south":{"uv":[5,2,6,4],"texture":"#all","cullface":"east"},"down":{"uv":[5,3,6,4],"texture":"#all","cullface":"east","rotation":90}}},{"from":[16,13,10],"to":[16.5,14,14],"faces":{"east":{"uv":[2,2,6,3],"texture":"#all","cullface":"east"},"south":{"uv":[2,2,3,3],"texture":"#all","cullface":"east"},"up":{"uv":[2,2,6,3],"texture":"#all","cullface":"east","rotation":270},"down":{"uv":[2,2,6,3],"texture":"#all","cullface":"east","rotation":90}}},{"from":[16,6,4],"to":[16.5,8,7],"faces":{"north":{"uv":[11,8,12,10],"texture":"#all","cullface":"east"},"east":{"uv":[9,8,12,10],"texture":"#all","cullface":"east"},"south":{"uv":[9,8,10,10],"texture":"#all","cullface":"east"},"up":{"uv":[9,8,12,9],"texture":"#all","cullface":"east","rotation":270}}},{"from":[4,1,16],"to":[7,3,16.5],"faces":{"east":{"uv":[6,13,7,15],"texture":"#all","cullface":"south"},"south":{"uv":[4,13,7,15],"texture":"#all","cullface":"south"},"west":{"uv":[4,13,5,15],"texture":"#all","cullface":"south"},"up":{"uv":[4,13,7,14],"texture":"#all","cullface":"south"},"down":{"uv":[4,14,7,15],"texture":"#all","cullface":"south"}}},{"from":[8,2,16],"to":[11,4,16.5],"faces":{"east":{"uv":[10,12,11,14],"texture":"#all","cullface":"south"},"south":{"uv":[8,12,11,14],"texture":"#all","cullface":"south"},"west":{"uv":[8,12,9,14],"texture":"#all","cullface":"south"},"up":{"uv":[8,12,11,13],"texture":"#all","cullface":"south"},"down":{"uv":[8,13,11,14],"texture":"#all","cullface":"south"}}},{"from":[8,5,16],"to":[11,7,16.5],"faces":{"east":{"uv":[10,9,11,11],"texture":"#all","cullface":"south"},"south":{"uv":[8,9,11,11],"texture":"#all","cullface":"south"},"west":{"uv":[8,9,9,11],"texture":"#all","cullface":"south"},"up":{"uv":[8,9,11,10],"texture":"#all","cullface":"south"},"down":{"uv":[8,10,11,11],"texture":"#all","cullface":"south"}}},{"from":[7,6,16],"to":[12,6,16.5],"faces":{"down":{"uv":[7,9,12,10],"texture":"#all","cullface":"south"}}},{"from":[7,6,16],"to":[8,8,16.5],"faces":{"east":{"uv":[7,8,8,10],"texture":"#all","cullface":"south"},"south":{"uv":[7,8,8,10],"texture":"#all","cullface":"south"},"west":{"uv":[7,8,8,10],"texture":"#all","cullface":"south"},"up":{"uv":[7,8,8,9],"texture":"#all","cullface":"south"}}},{"from":[4,4,16],"to":[5,6,16.5],"faces":{"east":{"uv":[4,10,5,12],"texture":"#all","cullface":"south"},"south":{"uv":[4,10,5,12],"texture":"#all","cullface":"south"},"west":{"uv":[4,10,5,12],"texture":"#all","cullface":"south"},"up":{"uv":[4,10,5,11],"texture":"#all","cullface":"south"}}},{"from":[2,4,16],"to":[5,5,16.5],"faces":{"south":{"uv":[2,11,5,12],"texture":"#all","cullface":"south"},"west":{"uv":[2,11,3,12],"texture":"#all","cullface":"south"},"up":{"uv":[2,11,5,12],"texture":"#all","cullface":"south"},"down":{"uv":[2,11,5,12],"texture":"#all","cullface":"south"}}},{"from":[1,7,16],"to":[3,9,16.5],"faces":{"east":{"uv":[2,7,3,9],"texture":"#all","cullface":"south"},"south":{"uv":[1,7,3,9],"texture":"#all","cullface":"south"},"west":{"uv":[1,7,2,9],"texture":"#all","cullface":"south"},"up":{"uv":[1,7,3,8],"texture":"#all","cullface":"south"},"down":{"uv":[1,8,3,9],"texture":"#all","cullface":"south"}}},{"from":[3,9,16],"to":[8,10,16.5],"faces":{"east":{"uv":[7,6,8,7],"texture":"#all","cullface":"south"},"south":{"uv":[3,6,8,7],"texture":"#all","cullface":"south"},"west":{"uv":[3,6,4,7],"texture":"#all","cullface":"south"},"up":{"uv":[3,6,8,7],"texture":"#all","cullface":"south"},"down":{"uv":[3,6,8,7],"texture":"#all","cullface":"south"}}},{"from":[5,10,16],"to":[7,11,16.5],"faces":{"east":{"uv":[6,5,7,6],"texture":"#all","cullface":"south"},"south":{"uv":[5,5,7,6],"texture":"#all","cullface":"south"},"west":{"uv":[5,5,6,6],"texture":"#all","cullface":"south"},"up":{"uv":[5,5,7,6],"texture":"#all","cullface":"south"}}},{"from":[7,12,16],"to":[9,13,16.5],"faces":{"east":{"uv":[8,3,9,4],"texture":"#all","cullface":"south"},"south":{"uv":[7,3,9,4],"texture":"#all","cullface":"south"},"west":{"uv":[7,3,8,4],"texture":"#all","cullface":"south"},"up":{"uv":[7,3,9,4],"texture":"#all","cullface":"south"},"down":{"uv":[7,3,9,4],"texture":"#all","cullface":"south"}}},{"from":[12,13,16],"to":[14,14,16.5],"faces":{"east":{"uv":[13,2,14,3],"texture":"#all","cullface":"south"},"south":{"uv":[12,2,14,3],"texture":"#all","cullface":"south"},"west":{"uv":[12,2,13,3],"texture":"#all","cullface":"south"},"up":{"uv":[12,2,14,3],"texture":"#all","cullface":"south"},"down":{"uv":[12,2,14,3],"texture":"#all","cullface":"south"}}},{"from":[10,9,16],"to":[12,11,16.5],"faces":{"east":{"uv":[11,5,12,7],"texture":"#all","cullface":"south"},"south":{"uv":[10,5,12,7],"texture":"#all","cullface":"south"},"west":{"uv":[10,5,11,7],"texture":"#all","cullface":"south"},"up":{"uv":[10,5,12,6],"texture":"#all","cullface":"south"},"down":{"uv":[10,6,12,7],"texture":"#all","cullface":"south"}}},{"from":[13,3,16],"to":[15,6,16.5],"faces":{"east":{"uv":[14,10,15,13],"texture":"#all","cullface":"south"},"south":{"uv":[13,10,15,13],"texture":"#all","cullface":"south"},"up":{"uv":[13,10,15,11],"texture":"#all","cullface":"south"},"down":{"uv":[13,12,15,13],"texture":"#all","cullface":"south"}}},{"from":[13,3,16],"to":[14,7,16.5],"faces":{"east":{"uv":[13,9,14,13],"texture":"#all","cullface":"south"},"south":{"uv":[13,9,14,13],"texture":"#all","cullface":"south"},"west":{"uv":[13,9,14,13],"texture":"#all","cullface":"south"},"up":{"uv":[13,9,14,10],"texture":"#all","cullface":"south"}}},{"from":[5,3,16],"to":[6,4,16.5],"faces":{"east":{"uv":[5,12,6,13],"texture":"#all","cullface":"south"},"south":{"uv":[5,12,6,13],"texture":"#all","cullface":"south"},"west":{"uv":[5,12,6,13],"texture":"#all","cullface":"south"},"up":{"uv":[5,12,6,13],"texture":"#all","cullface":"south"}}},{"from":[5,12,16],"to":[6,14,16.5],"faces":{"east":{"uv":[5,2,6,4],"texture":"#all","cullface":"south"},"south":{"uv":[5,2,6,4],"texture":"#all","cullface":"south"},"west":{"uv":[5,2,6,4],"texture":"#all","cullface":"south"},"down":{"uv":[5,3,6,4],"texture":"#all","cullface":"south"}}},{"from":[2,13,16],"to":[6,14,16.5],"faces":{"south":{"uv":[2,2,6,3],"texture":"#all","cullface":"south"},"west":{"uv":[2,2,3,3],"texture":"#all","cullface":"south"},"up":{"uv":[2,2,6,3],"texture":"#all","cullface":"south"},"down":{"uv":[2,2,6,3],"texture":"#all","cullface":"south"}}},{"from":[9,6,16],"to":[12,8,16.5],"faces":{"east":{"uv":[11,8,12,10],"texture":"#all","cullface":"south"},"south":{"uv":[9,8,12,10],"texture":"#all","cullface":"south"},"west":{"uv":[9,8,10,10],"texture":"#all","cullface":"south"},"up":{"uv":[9,8,12,9],"texture":"#all","cullface":"south"}}},{"from":[-0.5,1,4],"to":[0,3,7],"faces":{"north":{"uv":[4,13,5,15],"texture":"#all","cullface":"west"},"south":{"uv":[6,13,7,15],"texture":"#all","cullface":"west"},"west":{"uv":[4,13,7,15],"texture":"#all","cullface":"west"},"up":{"uv":[4,13,7,14],"texture":"#all","cullface":"west","rotation":90},"down":{"uv":[4,14,7,15],"texture":"#all","cullface":"west","rotation":270}}},{"from":[-0.5,2,8],"to":[0,4,11],"faces":{"north":{"uv":[8,12,9,14],"texture":"#all","cullface":"west"},"south":{"uv":[10,12,11,14],"texture":"#all","cullface":"west"},"west":{"uv":[8,12,11,14],"texture":"#all","cullface":"west"},"up":{"uv":[8,12,11,13],"texture":"#all","cullface":"west","rotation":90},"down":{"uv":[8,13,11,14],"texture":"#all","cullface":"west","rotation":270}}},{"from":[-0.5,5,8],"to":[0,7,11],"faces":{"north":{"uv":[8,9,9,11],"texture":"#all","cullface":"west"},"south":{"uv":[10,9,11,11],"texture":"#all","cullface":"west"},"west":{"uv":[8,9,11,11],"texture":"#all","cullface":"west"},"up":{"uv":[8,9,11,10],"texture":"#all","cullface":"west","rotation":90},"down":{"uv":[8,10,11,11],"texture":"#all","cullface":"west","rotation":270}}},{"from":[-0.5,6,7],"to":[0,6,12],"faces":{"down":{"uv":[7,9,12,10],"texture":"#all","cullface":"west","rotation":270}}},{"from":[-0.5,6,7],"to":[0,8,8],"faces":{"north":{"uv":[7,8,8,10],"texture":"#all","cullface":"west"},"south":{"uv":[7,8,8,10],"texture":"#all","cullface":"west"},"west":{"uv":[7,8,8,10],"texture":"#all","cullface":"west"},"up":{"uv":[7,8,8,9],"texture":"#all","cullface":"west","rotation":90}}},{"from":[-0.5,4,4],"to":[0,6,5],"faces":{"north":{"uv":[4,10,5,12],"texture":"#all","cullface":"west"},"south":{"uv":[4,10,5,12],"texture":"#all","cullface":"west"},"west":{"uv":[4,10,5,12],"texture":"#all","cullface":"west"},"up":{"uv":[4,10,5,11],"texture":"#all","cullface":"west","rotation":90}}},{"from":[-0.5,4,2],"to":[0,5,5],"faces":{"north":{"uv":[2,11,3,12],"texture":"#all","cullface":"west"},"west":{"uv":[2,11,5,12],"texture":"#all","cullface":"west"},"up":{"uv":[2,11,5,12],"texture":"#all","cullface":"west","rotation":90},"down":{"uv":[2,11,5,12],"texture":"#all","cullface":"west","rotation":270}}},{"from":[-0.5,7,1],"to":[0,9,3],"faces":{"north":{"uv":[1,7,2,9],"texture":"#all","cullface":"west"},"south":{"uv":[2,7,3,9],"texture":"#all","cullface":"west"},"west":{"uv":[1,7,3,9],"texture":"#all","cullface":"west"},"up":{"uv":[1,7,3,8],"texture":"#all","cullface":"west","rotation":90},"down":{"uv":[1,8,3,9],"texture":"#all","cullface":"west","rotation":270}}},{"from":[-0.5,9,3],"to":[0,10,8],"faces":{"north":{"uv":[3,6,4,7],"texture":"#all","cullface":"west"},"south":{"uv":[7,6,8,7],"texture":"#all","cullface":"west"},"west":{"uv":[3,6,8,7],"texture":"#all","cullface":"west"},"up":{"uv":[3,6,8,7],"texture":"#all","cullface":"west","rotation":90},"down":{"uv":[3,6,8,7],"texture":"#all","cullface":"west","rotation":270}}},{"from":[-0.5,10,5],"to":[0,11,7],"faces":{"north":{"uv":[5,5,6,6],"texture":"#all","cullface":"west"},"south":{"uv":[6,5,7,6],"texture":"#all","cullface":"west"},"west":{"uv":[5,5,7,6],"texture":"#all","cullface":"west"},"up":{"uv":[5,5,7,6],"texture":"#all","cullface":"west","rotation":90}}},{"from":[-0.5,12,7],"to":[0,13,9],"faces":{"north":{"uv":[7,3,8,4],"texture":"#all","cullface":"west"},"south":{"uv":[8,3,9,4],"texture":"#all","cullface":"west"},"west":{"uv":[7,3,9,4],"texture":"#all","cullface":"west"},"up":{"uv":[7,3,9,4],"texture":"#all","cullface":"west","rotation":90},"down":{"uv":[7,3,9,4],"texture":"#all","cullface":"west","rotation":270}}},{"from":[-0.5,13,12],"to":[0,14,14],"faces":{"north":{"uv":[12,2,13,3],"texture":"#all","cullface":"west"},"south":{"uv":[13,2,14,3],"texture":"#all","cullface":"west"},"west":{"uv":[12,2,14,3],"texture":"#all","cullface":"west"},"up":{"uv":[12,2,14,3],"texture":"#all","cullface":"west","rotation":90},"down":{"uv":[12,2,14,3],"texture":"#all","cullface":"west","rotation":270}}},{"from":[-0.5,9,10],"to":[0,11,12],"faces":{"north":{"uv":[10,5,11,7],"texture":"#all","cullface":"west"},"south":{"uv":[11,5,12,7],"texture":"#all","cullface":"west"},"west":{"uv":[10,5,12,7],"texture":"#all","cullface":"west"},"up":{"uv":[10,5,12,6],"texture":"#all","cullface":"west","rotation":90},"down":{"uv":[10,6,12,7],"texture":"#all","cullface":"west","rotation":270}}},{"from":[-0.5,3,13],"to":[0,6,15],"faces":{"south":{"uv":[14,10,15,13],"texture":"#all","cullface":"west"},"west":{"uv":[13,10,15,13],"texture":"#all","cullface":"west"},"up":{"uv":[13,10,15,11],"texture":"#all","cullface":"west","rotation":90},"down":{"uv":[13,12,15,13],"texture":"#all","cullface":"west","rotation":270}}},{"from":[-0.5,3,13],"to":[0,7,14],"faces":{"north":{"uv":[13,9,14,13],"texture":"#all","cullface":"west"},"south":{"uv":[13,9,14,13],"texture":"#all","cullface":"west"},"west":{"uv":[13,9,14,13],"texture":"#all","cullface":"west"},"up":{"uv":[13,9,14,10],"texture":"#all","cullface":"west","rotation":90}}},{"from":[-0.5,3,5],"to":[0,4,6],"faces":{"north":{"uv":[5,12,6,13],"texture":"#all","cullface":"west"},"south":{"uv":[5,12,6,13],"texture":"#all","cullface":"west"},"west":{"uv":[5,12,6,13],"texture":"#all","cullface":"west"},"up":{"uv":[5,12,6,13],"texture":"#all","cullface":"west","rotation":90}}},{"from":[-0.5,12,5],"to":[0,14,6],"faces":{"north":{"uv":[5,2,6,4],"texture":"#all","cullface":"west"},"south":{"uv":[5,2,6,4],"texture":"#all","cullface":"west"},"west":{"uv":[5,2,6,4],"texture":"#all","cullface":"west"},"down":{"uv":[5,3,6,4],"texture":"#all","cullface":"west","rotation":270}}},{"from":[-0.5,13,2],"to":[0,14,6],"faces":{"north":{"uv":[2,2,3,3],"texture":"#all","cullface":"west"},"west":{"uv":[2,2,6,3],"texture":"#all","cullface":"west"},"up":{"uv":[2,2,6,3],"texture":"#all","cullface":"west","rotation":90},"down":{"uv":[2,2,6,3],"texture":"#all","cullface":"west","rotation":270}}},{"from":[-0.5,6,9],"to":[0,8,12],"faces":{"north":{"uv":[9,8,10,10],"texture":"#all","cullface":"west"},"south":{"uv":[11,8,12,10],"texture":"#all","cullface":"west"},"west":{"uv":[9,8,12,10],"texture":"#all","cullface":"west"},"up":{"uv":[9,8,12,9],"texture":"#all","cullface":"west","rotation":90}}},{"from":[4,16,13],"to":[7,16.5,15],"faces":{"north":{"uv":[4,13,7,14],"texture":"#all","cullface":"up","rotation":180},"east":{"uv":[6,13,7,15],"texture":"#all","cullface":"up","rotation":90},"south":{"uv":[4,14,7,15],"texture":"#all","cullface":"up"},"west":{"uv":[4,13,5,15],"texture":"#all","cullface":"up","rotation":270},"up":{"uv":[4,13,7,15],"texture":"#all","cullface":"up"}}},{"from":[8,16,12],"to":[11,16.5,14],"faces":{"north":{"uv":[8,12,11,13],"texture":"#all","cullface":"up","rotation":180},"east":{"uv":[10,12,11,14],"texture":"#all","cullface":"up","rotation":90},"south":{"uv":[8,13,11,14],"texture":"#all","cullface":"up"},"west":{"uv":[8,12,9,14],"texture":"#all","cullface":"up","rotation":270},"up":{"uv":[8,12,11,14],"texture":"#all","cullface":"up"}}},{"from":[8,16,9],"to":[11,16.5,11],"faces":{"north":{"uv":[8,9,11,10],"texture":"#all","cullface":"up","rotation":180},"east":{"uv":[10,9,11,11],"texture":"#all","cullface":"up","rotation":90},"south":{"uv":[8,10,11,11],"texture":"#all","cullface":"up"},"west":{"uv":[8,9,9,11],"texture":"#all","cullface":"up","rotation":270},"up":{"uv":[8,9,11,11],"texture":"#all","cullface":"up"}}},{"from":[7,16,10],"to":[12,16.5,10],"faces":{"south":{"uv":[7,9,12,10],"texture":"#all","cullface":"up"}}},{"from":[7,16,8],"to":[8,16.5,10],"faces":{"north":{"uv":[7,8,8,9],"texture":"#all","cullface":"up","rotation":180},"east":{"uv":[7,8,8,10],"texture":"#all","cullface":"up","rotation":90},"west":{"uv":[7,8,8,10],"texture":"#all","cullface":"up","rotation":270},"up":{"uv":[7,8,8,10],"texture":"#all","cullface":"up"}}},{"from":[4,16,10],"to":[5,16.5,12],"faces":{"north":{"uv":[4,10,5,11],"texture":"#all","cullface":"up","rotation":180},"east":{"uv":[4,10,5,12],"texture":"#all","cullface":"up","rotation":90},"west":{"uv":[4,10,5,12],"texture":"#all","cullface":"up","rotation":270},"up":{"uv":[4,10,5,12],"texture":"#all","cullface":"up"}}},{"from":[2,16,11],"to":[5,16.5,12],"faces":{"north":{"uv":[2,11,5,12],"texture":"#all","cullface":"up","rotation":180},"south":{"uv":[2,11,5,12],"texture":"#all","cullface":"up"},"west":{"uv":[2,11,3,12],"texture":"#all","cullface":"up","rotation":270},"up":{"uv":[2,11,5,12],"texture":"#all","cullface":"up"}}},{"from":[1,16,7],"to":[3,16.5,9],"faces":{"north":{"uv":[1,7,3,8],"texture":"#all","cullface":"up","rotation":180},"east":{"uv":[2,7,3,9],"texture":"#all","cullface":"up","rotation":90},"south":{"uv":[1,8,3,9],"texture":"#all","cullface":"up"},"west":{"uv":[1,7,2,9],"texture":"#all","cullface":"up","rotation":270},"up":{"uv":[1,7,3,9],"texture":"#all","cullface":"up"}}},{"from":[3,16,6],"to":[8,16.5,7],"faces":{"north":{"uv":[3,6,8,7],"texture":"#all","cullface":"up","rotation":180},"east":{"uv":[7,6,8,7],"texture":"#all","cullface":"up","rotation":90},"south":{"uv":[3,6,8,7],"texture":"#all","cullface":"up"},"west":{"uv":[3,6,4,7],"texture":"#all","cullface":"up","rotation":270},"up":{"uv":[3,6,8,7],"texture":"#all","cullface":"up"}}},{"from":[5,16,5],"to":[7,16.5,6],"faces":{"north":{"uv":[5,5,7,6],"texture":"#all","cullface":"up","rotation":180},"east":{"uv":[6,5,7,6],"texture":"#all","cullface":"up","rotation":90},"west":{"uv":[5,5,6,6],"texture":"#all","cullface":"up","rotation":270},"up":{"uv":[5,5,7,6],"texture":"#all","cullface":"up"}}},{"from":[7,16,3],"to":[9,16.5,4],"faces":{"north":{"uv":[7,3,9,4],"texture":"#all","cullface":"up","rotation":180},"east":{"uv":[8,3,9,4],"texture":"#all","cullface":"up","rotation":90},"south":{"uv":[7,3,9,4],"texture":"#all","cullface":"up"},"west":{"uv":[7,3,8,4],"texture":"#all","cullface":"up","rotation":270},"up":{"uv":[7,3,9,4],"texture":"#all","cullface":"up"}}},{"from":[12,16,2],"to":[14,16.5,3],"faces":{"north":{"uv":[12,2,14,3],"texture":"#all","cullface":"up","rotation":180},"east":{"uv":[13,2,14,3],"texture":"#all","cullface":"up","rotation":90},"south":{"uv":[12,2,14,3],"texture":"#all","cullface":"up"},"west":{"uv":[12,2,13,3],"texture":"#all","cullface":"up","rotation":270},"up":{"uv":[12,2,14,3],"texture":"#all","cullface":"up"}}},{"from":[10,16,5],"to":[12,16.5,7],"faces":{"north":{"uv":[10,5,12,6],"texture":"#all","cullface":"up","rotation":180},"east":{"uv":[11,5,12,7],"texture":"#all","cullface":"up","rotation":90},"south":{"uv":[10,6,12,7],"texture":"#all","cullface":"up"},"west":{"uv":[10,5,11,7],"texture":"#all","cullface":"up","rotation":270},"up":{"uv":[10,5,12,7],"texture":"#all","cullface":"up"}}},{"from":[13,16,10],"to":[15,16.5,13],"faces":{"north":{"uv":[13,10,15,11],"texture":"#all","cullface":"up","rotation":180},"east":{"uv":[14,10,15,13],"texture":"#all","cullface":"up","rotation":90},"south":{"uv":[13,12,15,13],"texture":"#all","cullface":"up"},"up":{"uv":[13,10,15,13],"texture":"#all","cullface":"up"}}},{"from":[13,16,9],"to":[14,16.5,13],"faces":{"north":{"uv":[13,9,14,10],"texture":"#all","cullface":"up","rotation":180},"east":{"uv":[13,9,14,13],"texture":"#all","cullface":"up","rotation":90},"west":{"uv":[13,9,14,13],"texture":"#all","cullface":"up","rotation":270},"up":{"uv":[13,9,14,13],"texture":"#all","cullface":"up"}}},{"from":[5,16,12],"to":[6,16.5,13],"faces":{"north":{"uv":[5,12,6,13],"texture":"#all","cullface":"up","rotation":180},"east":{"uv":[5,12,6,13],"texture":"#all","cullface":"up","rotation":90},"west":{"uv":[5,12,6,13],"texture":"#all","cullface":"up","rotation":270},"up":{"uv":[5,12,6,13],"texture":"#all","cullface":"up"}}},{"from":[5,16,2],"to":[6,16.5,4],"faces":{"east":{"uv":[5,2,6,4],"texture":"#all","cullface":"up","rotation":90},"south":{"uv":[5,3,6,4],"texture":"#all","cullface":"up"},"west":{"uv":[5,2,6,4],"texture":"#all","cullface":"up","rotation":270},"up":{"uv":[5,2,6,4],"texture":"#all","cullface":"up"}}},{"from":[2,16,2],"to":[6,16.5,3],"faces":{"north":{"uv":[2,2,6,3],"texture":"#all","cullface":"up","rotation":180},"south":{"uv":[2,2,6,3],"texture":"#all","cullface":"up"},"west":{"uv":[2,2,3,3],"texture":"#all","cullface":"up","rotation":270},"up":{"uv":[2,2,6,3],"texture":"#all","cullface":"up"}}},{"from":[9,16,8],"to":[12,16.5,10],"faces":{"north":{"uv":[9,8,12,9],"texture":"#all","cullface":"up","rotation":180},"east":{"uv":[11,8,12,10],"texture":"#all","cullface":"up","rotation":90},"west":{"uv":[9,8,10,10],"texture":"#all","cullface":"up","rotation":270},"up":{"uv":[9,8,12,10],"texture":"#all","cullface":"up"}}},{"from":[4,-0.5,1],"to":[7,0,3],"faces":{"north":{"uv":[4,14,7,15],"texture":"#all","cullface":"down","rotation":180},"east":{"uv":[6,13,7,15],"texture":"#all","cullface":"down","rotation":270},"south":{"uv":[4,13,7,14],"texture":"#all","cullface":"down"},"west":{"uv":[4,13,5,15],"texture":"#all","cullface":"down","rotation":90},"down":{"uv":[4,13,7,15],"texture":"#all","cullface":"down"}}},{"from":[8,-0.5,2],"to":[11,0,4],"faces":{"north":{"uv":[8,13,11,14],"texture":"#all","cullface":"down","rotation":180},"east":{"uv":[10,12,11,14],"texture":"#all","cullface":"down","rotation":270},"south":{"uv":[8,12,11,13],"texture":"#all","cullface":"down"},"west":{"uv":[8,12,9,14],"texture":"#all","cullface":"down","rotation":90},"down":{"uv":[8,12,11,14],"texture":"#all","cullface":"down"}}},{"from":[8,-0.5,5],"to":[11,0,7],"faces":{"north":{"uv":[8,10,11,11],"texture":"#all","cullface":"down","rotation":180},"east":{"uv":[10,9,11,11],"texture":"#all","cullface":"down","rotation":270},"south":{"uv":[8,9,11,10],"texture":"#all","cullface":"down"},"west":{"uv":[8,9,9,11],"texture":"#all","cullface":"down","rotation":90},"down":{"uv":[8,9,11,11],"texture":"#all","cullface":"down"}}},{"from":[7,-0.5,6],"to":[12,0,6],"faces":{"north":{"uv":[7,9,12,10],"texture":"#all","cullface":"down","rotation":180}}},{"from":[7,-0.5,6],"to":[8,0,8],"faces":{"east":{"uv":[7,8,8,10],"texture":"#all","cullface":"down","rotation":270},"south":{"uv":[7,8,8,9],"texture":"#all","cullface":"down"},"west":{"uv":[7,8,8,10],"texture":"#all","cullface":"down","rotation":90},"down":{"uv":[7,8,8,10],"texture":"#all","cullface":"down"}}},{"from":[4,-0.5,4],"to":[5,0,6],"faces":{"east":{"uv":[4,10,5,12],"texture":"#all","cullface":"down","rotation":270},"south":{"uv":[4,10,5,11],"texture":"#all","cullface":"down"},"west":{"uv":[4,10,5,12],"texture":"#all","cullface":"down","rotation":90},"down":{"uv":[4,10,5,12],"texture":"#all","cullface":"down"}}},{"from":[2,-0.5,4],"to":[5,0,5],"faces":{"north":{"uv":[2,11,5,12],"texture":"#all","cullface":"down","rotation":180},"south":{"uv":[2,11,5,12],"texture":"#all","cullface":"down"},"west":{"uv":[2,11,3,12],"texture":"#all","cullface":"down","rotation":90},"down":{"uv":[2,11,5,12],"texture":"#all","cullface":"down"}}},{"from":[1,-0.5,7],"to":[3,0,9],"faces":{"north":{"uv":[1,8,3,9],"texture":"#all","cullface":"down","rotation":180},"east":{"uv":[2,7,3,9],"texture":"#all","cullface":"down","rotation":270},"south":{"uv":[1,7,3,8],"texture":"#all","cullface":"down"},"west":{"uv":[1,7,2,9],"texture":"#all","cullface":"down","rotation":90},"down":{"uv":[1,7,3,9],"texture":"#all","cullface":"down"}}},{"from":[3,-0.5,9],"to":[8,0,10],"faces":{"north":{"uv":[3,6,8,7],"texture":"#all","cullface":"down","rotation":180},"east":{"uv":[7,6,8,7],"texture":"#all","cullface":"down","rotation":270},"south":{"uv":[3,6,8,7],"texture":"#all","cullface":"down"},"west":{"uv":[3,6,4,7],"texture":"#all","cullface":"down","rotation":90},"down":{"uv":[3,6,8,7],"texture":"#all","cullface":"down"}}},{"from":[5,-0.5,10],"to":[7,0,11],"faces":{"east":{"uv":[6,5,7,6],"texture":"#all","cullface":"down","rotation":270},"south":{"uv":[5,5,7,6],"texture":"#all","cullface":"down"},"west":{"uv":[5,5,6,6],"texture":"#all","cullface":"down","rotation":90},"down":{"uv":[5,5,7,6],"texture":"#all","cullface":"down"}}},{"from":[7,-0.5,12],"to":[9,0,13],"faces":{"north":{"uv":[7,3,9,4],"texture":"#all","cullface":"down","rotation":180},"east":{"uv":[8,3,9,4],"texture":"#all","cullface":"down","rotation":270},"south":{"uv":[7,3,9,4],"texture":"#all","cullface":"down"},"west":{"uv":[7,3,8,4],"texture":"#all","cullface":"down","rotation":90},"down":{"uv":[7,3,9,4],"texture":"#all","cullface":"down"}}},{"from":[12,-0.5,13],"to":[14,0,14],"faces":{"north":{"uv":[12,2,14,3],"texture":"#all","cullface":"down","rotation":180},"east":{"uv":[13,2,14,3],"texture":"#all","cullface":"down","rotation":270},"south":{"uv":[12,2,14,3],"texture":"#all","cullface":"down"},"west":{"uv":[12,2,13,3],"texture":"#all","cullface":"down","rotation":90},"down":{"uv":[12,2,14,3],"texture":"#all","cullface":"down"}}},{"from":[10,-0.5,9],"to":[12,0,11],"faces":{"north":{"uv":[10,6,12,7],"texture":"#all","cullface":"down","rotation":180},"east":{"uv":[11,5,12,7],"texture":"#all","cullface":"down","rotation":270},"south":{"uv":[10,5,12,6],"texture":"#all","cullface":"down"},"west":{"uv":[10,5,11,7],"texture":"#all","cullface":"down","rotation":90},"down":{"uv":[10,5,12,7],"texture":"#all","cullface":"down"}}},{"from":[13,-0.5,3],"to":[15,0,6],"faces":{"north":{"uv":[13,12,15,13],"texture":"#all","cullface":"down","rotation":180},"east":{"uv":[14,10,15,13],"texture":"#all","cullface":"down","rotation":270},"south":{"uv":[13,10,15,11],"texture":"#all","cullface":"down"},"down":{"uv":[13,10,15,13],"texture":"#all","cullface":"down"}}},{"from":[13,-0.5,3],"to":[14,0,7],"faces":{"east":{"uv":[13,9,14,13],"texture":"#all","cullface":"down","rotation":270},"south":{"uv":[13,9,14,10],"texture":"#all","cullface":"down"},"west":{"uv":[13,9,14,13],"texture":"#all","cullface":"down","rotation":90},"down":{"uv":[13,9,14,13],"texture":"#all","cullface":"down"}}},{"from":[5,-0.5,3],"to":[6,0,4],"faces":{"east":{"uv":[5,12,6,13],"texture":"#all","cullface":"down","rotation":270},"south":{"uv":[5,12,6,13],"texture":"#all","cullface":"down"},"west":{"uv":[5,12,6,13],"texture":"#all","cullface":"down","rotation":90},"down":{"uv":[5,12,6,13],"texture":"#all","cullface":"down"}}},{"from":[5,-0.5,12],"to":[6,0,14],"faces":{"north":{"uv":[5,3,6,4],"texture":"#all","cullface":"down","rotation":180},"east":{"uv":[5,2,6,4],"texture":"#all","cullface":"down","rotation":270},"west":{"uv":[5,2,6,4],"texture":"#all","cullface":"down","rotation":90},"down":{"uv":[5,2,6,4],"texture":"#all","cullface":"down"}}},{"from":[2,-0.5,13],"to":[6,0,14],"faces":{"north":{"uv":[2,2,6,3],"texture":"#all","cullface":"down","rotation":180},"south":{"uv":[2,2,6,3],"texture":"#all","cullface":"down"},"west":{"uv":[2,2,3,3],"texture":"#all","cullface":"down","rotation":90},"down":{"uv":[2,2,6,3],"texture":"#all","cullface":"down"}}},{"from":[9,-0.5,6],"to":[12,0,8],"faces":{"east":{"uv":[11,8,12,10],"texture":"#all","cullface":"down","rotation":270},"south":{"uv":[9,8,12,9],"texture":"#all","cullface":"down"},"west":{"uv":[9,8,10,10],"texture":"#all","cullface":"down","rotation":90},"down":{"uv":[9,8,12,10],"texture":"#all","cullface":"down"}}}]}