{"parent":"minecraft:block/orientable","textures":{"top":"minecraft:block/smoker_top","side":"minecraft:block/smoker_side","bottom":"minecraft:block/smoker_bottom","particle":"#front"},"elements":[{"from":[14,0,0],"to":[16,16,2],"faces":{"north":{"uv":[0,0,2,16],"texture":"#front","cullface":"north"},"east":{"uv":[14,0,16,16],"texture":"#side","cullface":"east"},"south":{"uv":[14,0,16,16],"texture":"#side","cullface":"east"},"west":{"uv":[2,0,0,16],"texture":"#front","cullface":"north"}}},{"from":[14,0,14],"to":[16,16,16],"faces":{"north":{"uv":[2,0,0,15],"texture":"#side","cullface":"east"},"east":{"uv":[0,0,2,16],"texture":"#side","cullface":"east"},"south":{"uv":[14,0,16,16],"texture":"#side","cullface":"south"},"west":{"uv":[16,0,14,16],"texture":"#side","cullface":"south"}}},{"from":[0,0,14],"to":[2,16,16],"faces":{"north":{"uv":[16,0,14,16],"texture":"#side","cullface":"west"},"east":{"uv":[2,0,0,16],"texture":"#side","cullface":"south"},"south":{"uv":[0,0,2,16],"texture":"#side","cullface":"south"},"west":{"uv":[14,0,16,16],"texture":"#side","cullface":"west"}}},{"from":[0,4,2],"to":[1,7,14],"faces":{"west":{"uv":[2,9,14,12],"texture":"#side","cullface":"west"},"up":{"uv":[2,9,14,10],"texture":"#side","cullface":"west","rotation":90},"down":{"uv":[2,11,14,12],"texture":"#side","cullface":"west","rotation":270}}},{"from":[0,0,0],"to":[16,0,16],"faces":{"down":{"uv":[0,0,16,16],"texture":"#bottom","cullface":"down"}}},{"from":[0.5,1,1],"to":[15.5,15,15.5],"faces":{"north":{"uv":[0.5,1,15.5,15],"texture":"#front","cullface":"north"},"east":{"uv":[0.5,1,15,15],"texture":"#side","cullface":"east"},"south":{"uv":[0.5,1,15.5,15],"texture":"#side","cullface":"south"},"west":{"uv":[1,1,15.5,15],"texture":"#side","cullface":"west"},"up":{"uv":[0.5,1,15.5,15.5],"texture":"#top","cullface":"up"}}},{"from":[15,4,2],"to":[16,7,14],"faces":{"east":{"uv":[2,9,14,12],"texture":"#side","cullface":"east"},"up":{"uv":[2,9,14,10],"texture":"#side","cullface":"east","rotation":270},"down":{"uv":[2,11,14,12],"texture":"#side","cullface":"east","rotation":90}}},{"from":[15,13,2],"to":[16,16,14],"faces":{"east":{"uv":[2,0,14,3],"texture":"#side","cullface":"east"},"down":{"uv":[2,2,14,3],"texture":"#side","cullface":"east","rotation":90}}},{"from":[0,13,2],"to":[1,16,14],"faces":{"west":{"uv":[2,0,14,3],"texture":"#side","cullface":"west"},"down":{"uv":[2,2,14,3],"texture":"#side","cullface":"west","rotation":270}}},{"from":[2,4,15],"to":[14,7,16],"faces":{"south":{"uv":[2,9,14,12],"texture":"#side","cullface":"south"},"up":{"uv":[2,9,14,10],"texture":"#side","cullface":"south"},"down":{"uv":[2,11,14,12],"texture":"#side","cullface":"south"}}},{"from":[2,13,15],"to":[14,16,16],"faces":{"south":{"uv":[2,0,14,3],"texture":"#side","cullface":"south"},"down":{"uv":[2,2,14,3],"texture":"#side","cullface":"south"}}},{"from":[0,15,12],"to":[16,16,16],"faces":{"north":{"uv":[0,12,16,13],"texture":"#top","cullface":"up","rotation":180},"up":{"uv":[0,12,16,16],"texture":"#top","cullface":"up"}}},{"from":[0,15,4],"to":[4,16,12],"faces":{"east":{"uv":[3,4,4,12],"texture":"#top","cullface":"up","rotation":90},"up":{"uv":[0,4,4,12],"texture":"#top","cullface":"up"}}},{"from":[12,15,4],"to":[16,16,12],"faces":{"west":{"uv":[12,4,13,12],"texture":"#top","cullface":"up","rotation":270},"up":{"uv":[12,4,16,12],"texture":"#top","cullface":"up"}}},{"from":[0,15,0],"to":[16,16,4],"faces":{"south":{"uv":[0,3,16,4],"texture":"#top","cullface":"up"},"up":{"uv":[0,0,16,4],"texture":"#top","cullface":"up"}}},{"from":[2,13,0],"to":[14,16,1],"faces":{"north":{"uv":[2,0,14,3],"texture":"#front","cullface":"north"},"down":{"uv":[2,2,14,3],"texture":"#front","cullface":"north","rotation":180}}},{"from":[11,7,0.5],"to":[14,13,1],"faces":{"north":{"uv":[2,3,5,9],"texture":"#front","cullface":"north"},"west":{"uv":[4,3,5,9],"texture":"#front","cullface":"north"},"down":{"uv":[2,8,5,9],"texture":"#front","cullface":"north","rotation":180}}},{"from":[2,7,0.5],"to":[4,13,1],"faces":{"north":{"uv":[12,3,14,9],"texture":"#front","cullface":"north"},"east":{"uv":[12,3,13,9],"texture":"#front","cullface":"north"},"down":{"uv":[12,8,14,9],"texture":"#front","cullface":"north","rotation":180}}},{"from":[4,12,0.5],"to":[11,13,1],"faces":{"north":{"uv":[5,3,12,4],"texture":"#front","cullface":"north"},"down":{"uv":[5,3,12,4],"texture":"#front","cullface":"north","rotation":180}}},{"from":[4,7,0.5],"to":[11,8,1],"faces":{"north":{"uv":[5,8,12,9],"texture":"#front","cullface":"north"},"up":{"uv":[5,8,12,9],"texture":"#front","cullface":"north","rotation":180},"down":{"uv":[5,8,12,9],"texture":"#front","cullface":"north","rotation":180}}},{"from":[0,0,0],"to":[2,16,2],"faces":{"north":{"uv":[14,0,16,16],"texture":"#front","cullface":"north"},"east":{"uv":[16,0,14,16],"texture":"#front","cullface":"north"},"south":{"uv":[2,0,0,16],"texture":"#side","cullface":"west"},"west":{"uv":[0,0,2,16],"texture":"#side","cullface":"west"}}},{"from":[0,0,2],"to":[1,1,14],"faces":{"west":{"uv":[2,15,14,16],"texture":"#side","cullface":"west"},"up":{"uv":[2,15,14,16],"texture":"#side","cullface":"west","rotation":90}}},{"from":[15,0,2],"to":[16,1,14],"faces":{"east":{"uv":[2,15,14,16],"texture":"#side","cullface":"east"},"up":{"uv":[2,15,14,16],"texture":"#side","cullface":"east","rotation":270}}},{"from":[2,0,15],"to":[14,1,16],"faces":{"south":{"uv":[2,15,14,16],"texture":"#side","cullface":"south"},"up":{"uv":[2,15,14,16],"texture":"#side","cullface":"south"}}},{"from":[2,0,0],"to":[14,2,1],"faces":{"north":{"uv":[2,14,14,16],"texture":"#front","cullface":"north"},"up":{"uv":[2,14,14,15],"texture":"#front","cullface":"north","rotation":180}}}]}