{"parent":"minecraft:block/door_bottom","textures":{"bottom":"minecraft:block/acacia_door_bottom"},"elements":[{"from":[0,0,13],"to":[3,16,16],"rotation":{"origin":[0,0,16],"axis":"y","angle":0.0},"faces":{"north":{"uv":[16,0,13,16],"texture":"#bottom"},"east":{"uv":[0,0,3,16],"texture":"#bottom"},"south":{"uv":[0,13,16,16],"texture":"#bottom","cullface":"south","rotation":90},"west":{"uv":[3,0,0,16],"texture":"#bottom","cullface":"west"}}},{"from":[0,0,0],"to":[3,3,16],"rotation":{"origin":[0,0,16],"axis":"y","angle":0.0},"faces":{"east":{"uv":[0,13,16,16],"texture":"#bottom"},"west":{"uv":[16,13,0,16],"texture":"#bottom","cullface":"west"},"up":{"uv":[16,13,0,16],"texture":"#bottom","rotation":90},"down":{"uv":[16,13,0,16],"texture":"#bottom","cullface":"down","rotation":90}}},{"from":[0,0,0],"to":[3,16,3],"rotation":{"origin":[0,0,16],"axis":"y","angle":0.0},"faces":{"north":{"uv":[0,16,16,13],"texture":"#bottom","cullface":"north","rotation":90},"east":{"uv":[13,0,16,16],"texture":"#bottom"},"south":{"uv":[16,0,13,16],"texture":"#bottom"},"west":{"uv":[16,0,13,16],"texture":"#bottom","cullface":"west"}}},{"from":[-0.25,4,15],"to":[0,6,16],"rotation":{"origin":[0,0,16],"axis":"y","angle":0.0},"faces":{"north":{"uv":[1,10,0,12],"texture":"#bottom","cullface":"west"},"south":{"uv":[1,10,0,12],"texture":"#bottom","cullface":"west"},"west":{"uv":[1,10,0,12],"texture":"#bottom","cullface":"west"},"up":{"uv":[1,10,0,11],"texture":"#bottom","cullface":"west","rotation":270},"down":{"uv":[1,11,0,12],"texture":"#bottom","cullface":"west","rotation":90}}},{"from":[-0.25,15,15],"to":[0,16,16],"rotation":{"origin":[0,0,16],"axis":"y","angle":0.0},"faces":{"north":{"uv":[1,0,0,1],"texture":"#bottom","cullface":"west"},"south":{"uv":[1,0,0,1],"texture":"#bottom","cullface":"west"},"west":{"uv":[1,0,0,1],"texture":"#bottom","cullface":"west"},"down":{"uv":[1,0,0,1],"texture":"#bottom","cullface":"west","rotation":90}}},{"from":[-0.25,15,1],"to":[0,16,2],"rotation":{"origin":[0,0,2],"axis":"y","angle":0.0},"faces":{"north":{"uv":[15,0,14,1],"texture":"#bottom","cullface":"west"},"south":{"uv":[15,0,14,1],"texture":"#bottom","cullface":"west"},"west":{"uv":[15,0,14,1],"texture":"#bottom","cullface":"west"},"down":{"uv":[15,0,14,1],"texture":"#bottom","cullface":"west","rotation":90}}},{"from":[3,15,1],"to":[3.25,16,2],"rotation":{"origin":[3,0,2],"axis":"y","angle":0.0},"faces":{"north":{"uv":[14,0,15,1],"texture":"#bottom"},"east":{"uv":[14,0,15,1],"texture":"#bottom"},"south":{"uv":[14,0,15,1],"texture":"#bottom"},"down":{"uv":[15,1,14,0],"texture":"#bottom","rotation":90}}},{"from":[3,15,15],"to":[3.25,16,16],"rotation":{"origin":[0,0,16],"axis":"y","angle":0.0},"faces":{"north":{"uv":[1,0,0,1],"texture":"#bottom"},"east":{"uv":[1,0,0,1],"texture":"#bottom"},"south":{"uv":[1,0,0,1],"texture":"#bottom"},"down":{"uv":[1,0,0,1],"texture":"#bottom","rotation":270}}},{"from":[3,4,15],"to":[3.25,6,16],"rotation":{"origin":[0,0,16],"axis":"y","angle":0.0},"faces":{"north":{"uv":[1,10,0,12],"texture":"#bottom"},"east":{"uv":[1,10,0,12],"texture":"#bottom"},"south":{"uv":[1,10,0,12],"texture":"#bottom"},"up":{"uv":[1,10,0,11],"texture":"#bottom","rotation":90},"down":{"uv":[1,11,0,12],"texture":"#bottom","rotation":270}}},{"from":[0,3,9],"to":[3,15,11],"rotation":{"origin":[0,3,10],"axis":"y","angle":0.0},"faces":{"north":{"uv":[16,1,13,13],"texture":"#bottom"},"east":{"uv":[5,1,7,13],"texture":"#bottom"},"south":{"uv":[16,1,13,13],"texture":"#bottom"},"west":{"uv":[5,1,7,13],"texture":"#bottom","cullface":"west"}}},{"from":[0,15,3],"to":[3,16,13],"rotation":{"origin":[0,3,10],"axis":"y","angle":0.0},"faces":{"east":{"uv":[3,0,13,1],"texture":"#bottom"},"west":{"uv":[13,0,3,1],"texture":"#bottom","cullface":"west"},"down":{"uv":[13,13,3,16],"texture":"#bottom","rotation":90}}},{"from":[0,3,5],"to":[3,15,7],"rotation":{"origin":[0,3,6],"axis":"y","angle":0.0},"faces":{"north":{"uv":[16,1,13,13],"texture":"#bottom"},"east":{"uv":[9,1,11,13],"texture":"#bottom"},"south":{"uv":[16,1,13,13],"texture":"#bottom"},"west":{"uv":[11,1,9,13],"texture":"#bottom","cullface":"west"}}}]}