{"parent":"minecraft:block/door_top","textures":{"top":"minecraft:block/acacia_door_top"},"elements":[{"from":[0,0,0],"to":[3,16,3],"faces":{"north":{"uv":[0,3,16,0],"texture":"#top","cullface":"north","rotation":90},"east":{"uv":[3,0,0,16],"texture":"#top"},"south":{"uv":[13,0,16,16],"texture":"#top"},"west":{"uv":[0,0,3,16],"texture":"#top","cullface":"west"}}},{"from":[0,0,13],"to":[3,16,16],"faces":{"north":{"uv":[13,0,16,16],"texture":"#top"},"east":{"uv":[16,0,13,16],"texture":"#top"},"south":{"uv":[0,0,16,3],"texture":"#top","cullface":"south","rotation":90},"west":{"uv":[13,0,16,16],"texture":"#top","cullface":"west"}}},{"from":[0,13,0],"to":[3,16,16],"faces":{"east":{"uv":[16,0,0,3],"texture":"#top"},"west":{"uv":[0,0,16,3],"texture":"#top","cullface":"west"},"up":{"uv":[0,0,16,3],"texture":"#top","cullface":"up","rotation":90},"down":{"uv":[16,0,0,3],"texture":"#top","rotation":90}}},{"from":[3,0,0],"to":[3.25,1,1],"faces":{"north":{"uv":[0,15,1,16],"texture":"#top"},"east":{"uv":[0,15,1,16],"texture":"#top"},"south":{"uv":[0,15,1,16],"texture":"#top"},"up":{"uv":[0,15,1,16],"texture":"#top","rotation":270}}},{"from":[3,10,0],"to":[3.25,12,1],"faces":{"north":{"uv":[0,4,1,6],"texture":"#top"},"east":{"uv":[0,4,1,6],"texture":"#top"},"south":{"uv":[0,4,1,6],"texture":"#top"},"up":{"uv":[0,4,1,5],"texture":"#top","rotation":270},"down":{"uv":[0,5,1,6],"texture":"#top","rotation":90}}},{"from":[-0.25,0,0],"to":[0,1,1],"faces":{"north":{"uv":[1,15,0,16],"texture":"#top","cullface":"west"},"south":{"uv":[1,15,0,16],"texture":"#top","cullface":"west"},"west":{"uv":[1,15,0,16],"texture":"#top","cullface":"west"},"up":{"uv":[0,16,1,15],"texture":"#top","cullface":"west","rotation":270}}},{"from":[-0.25,10,0],"to":[0,12,1],"faces":{"north":{"uv":[1,4,0,6],"texture":"#top","cullface":"west"},"south":{"uv":[1,4,0,6],"texture":"#top","cullface":"west"},"west":{"uv":[1,4,0,6],"texture":"#top","cullface":"west"},"up":{"uv":[0,5,1,4],"texture":"#top","cullface":"west","rotation":270},"down":{"uv":[0,6,1,5],"texture":"#top","cullface":"west","rotation":90}}},{"from":[0,1,5],"to":[3,13,7],"faces":{"north":{"uv":[13,3,16,15],"texture":"#top"},"east":{"uv":[7,3,5,15],"texture":"#top"},"south":{"uv":[13,3,16,15],"texture":"#top"},"west":{"uv":[5,3,7,15],"texture":"#top","cullface":"west"}}},{"from":[0,1,9],"to":[3,13,11],"faces":{"north":{"uv":[13,3,16,15],"texture":"#top","cullface":"north"},"east":{"uv":[11,3,9,15],"texture":"#top"},"south":{"uv":[13,3,16,15],"texture":"#top"},"west":{"uv":[9,3,11,15],"texture":"#top","cullface":"west"}}},{"from":[0,0,3],"to":[3,1,13],"faces":{"east":{"uv":[13,15,3,16],"texture":"#top"},"west":{"uv":[3,15,13,16],"texture":"#top","cullface":"west"},"up":{"uv":[3,0,13,3],"texture":"#top","cullface":"up","rotation":90}}},{"from":[-0.25,0,12],"to":[0,1,15],"faces":{"north":{"uv":[12,15,13,16],"texture":"#top","cullface":"west"},"south":{"uv":[14,15,15,16],"texture":"#top","cullface":"west"},"west":{"uv":[12,15,15,16],"texture":"#top","cullface":"west"},"up":{"uv":[12,15,15,16],"texture":"#top","cullface":"west","rotation":90},"down":{"uv":[12,15,15,16],"texture":"#top","cullface":"west","rotation":270}}},{"from":[3,0,12],"to":[3.25,1,15],"faces":{"north":{"uv":[13,15,12,16],"texture":"#top"},"east":{"uv":[15,15,12,16],"texture":"#top"},"south":{"uv":[15,15,14,16],"texture":"#top"},"up":{"uv":[12,16,15,15],"texture":"#top","rotation":90},"down":{"uv":[12,16,15,15],"texture":"#top","rotation":270}}}]}