{"parent":"minecraft:block/door_bottom","textures":{"bottom":"minecraft:block/acacia_door_bottom"},"elements":[{"from":[0,0,0],"to":[3,16,3],"faces":{"north":{"uv":[0,16,16,13],"texture":"#bottom","cullface":"north","rotation":90},"east":{"uv":[3,0,0,16],"texture":"#bottom"},"south":{"uv":[13,0,16,16],"texture":"#bottom"},"west":{"uv":[0,0,3,16],"texture":"#bottom","cullface":"west"}}},{"from":[0,0,0],"to":[3,3,16],"faces":{"east":{"uv":[16,13,0,16],"texture":"#bottom"},"west":{"uv":[0,13,16,16],"texture":"#bottom","cullface":"west"},"up":{"uv":[0,13,16,16],"texture":"#bottom","rotation":90},"down":{"uv":[0,13,16,16],"texture":"#bottom","cullface":"down","rotation":90}}},{"from":[0,0,13],"to":[3,16,16],"faces":{"north":{"uv":[13,0,16,16],"texture":"#bottom"},"east":{"uv":[16,0,13,16],"texture":"#bottom"},"south":{"uv":[0,13,16,16],"texture":"#bottom","cullface":"south","rotation":90},"west":{"uv":[13,0,16,16],"texture":"#bottom","cullface":"west"}}},{"from":[-0.25,4,0],"to":[0,6,1],"faces":{"north":{"uv":[0,10,1,12],"texture":"#bottom","cullface":"west"},"south":{"uv":[0,10,1,12],"texture":"#bottom","cullface":"west"},"west":{"uv":[0,10,1,12],"texture":"#bottom","cullface":"west"},"up":{"uv":[0,10,1,11],"texture":"#bottom","cullface":"west","rotation":270},"down":{"uv":[0,11,1,12],"texture":"#bottom","cullface":"west","rotation":90}}},{"from":[-0.25,15,0],"to":[0,16,1],"faces":{"north":{"uv":[0,0,1,1],"texture":"#bottom","cullface":"west"},"south":{"uv":[0,0,1,1],"texture":"#bottom","cullface":"west"},"west":{"uv":[0,0,1,1],"texture":"#bottom","cullface":"west"},"down":{"uv":[0,0,1,1],"texture":"#bottom","cullface":"west","rotation":90}}},{"from":[-0.25,15,14],"to":[0,16,15],"rotation":{"origin":[0,0,14],"axis":"y","angle":0.0},"faces":{"north":{"uv":[14,0,15,1],"texture":"#bottom","cullface":"west"},"south":{"uv":[14,0,15,1],"texture":"#bottom","cullface":"west"},"west":{"uv":[14,0,15,1],"texture":"#bottom","cullface":"west"},"down":{"uv":[14,0,15,1],"texture":"#bottom","cullface":"west","rotation":90}}},{"from":[3,15,14],"to":[3.25,16,15],"rotation":{"origin":[3,0,14],"axis":"y","angle":0.0},"faces":{"north":{"uv":[15,0,14,1],"texture":"#bottom"},"east":{"uv":[15,0,14,1],"texture":"#bottom"},"south":{"uv":[15,0,14,1],"texture":"#bottom"},"down":{"uv":[14,1,15,0],"texture":"#bottom","rotation":90}}},{"from":[3,15,0],"to":[3.25,16,1],"faces":{"north":{"uv":[0,0,1,1],"texture":"#bottom"},"east":{"uv":[0,0,1,1],"texture":"#bottom"},"south":{"uv":[0,0,1,1],"texture":"#bottom"},"down":{"uv":[0,0,1,1],"texture":"#bottom","rotation":270}}},{"from":[3,4,0],"to":[3.25,6,1],"faces":{"north":{"uv":[0,10,1,12],"texture":"#bottom"},"east":{"uv":[0,10,1,12],"texture":"#bottom"},"south":{"uv":[0,10,1,12],"texture":"#bottom"},"up":{"uv":[0,10,1,11],"texture":"#bottom","rotation":90},"down":{"uv":[0,11,1,12],"texture":"#bottom","rotation":270}}},{"from":[0,3,5],"to":[3,15,7],"rotation":{"origin":[0,3,6],"axis":"y","angle":0.0},"faces":{"north":{"uv":[13,1,16,13],"texture":"#bottom"},"east":{"uv":[7,1,5,13],"texture":"#bottom"},"south":{"uv":[13,1,16,13],"texture":"#bottom"},"west":{"uv":[7,1,5,13],"texture":"#bottom","cullface":"west"}}},{"from":[0,15,3],"to":[3,16,13],"rotation":{"origin":[0,3,6],"axis":"y","angle":0.0},"faces":{"east":{"uv":[13,0,3,1],"texture":"#bottom"},"west":{"uv":[3,0,13,1],"texture":"#bottom","cullface":"west"},"down":{"uv":[3,13,13,16],"texture":"#bottom","rotation":90}}},{"from":[0,3,9],"to":[3,15,11],"rotation":{"origin":[0,3,10],"axis":"y","angle":0.0},"faces":{"north":{"uv":[13,1,16,13],"texture":"#bottom"},"east":{"uv":[11,1,9,13],"texture":"#bottom"},"south":{"uv":[13,1,16,13],"texture":"#bottom"},"west":{"uv":[9,1,11,13],"texture":"#bottom","cullface":"west"}}}]}