{"parent":"minecraft:block/door_top_rh","textures":{"top":"minecraft:block/birch_door_top"},"elements":[{"from":[0,0,13],"to":[3,16,16],"faces":{"north":{"uv":[3,0,2,16],"texture":"#top"},"east":{"uv":[0,0,3,16],"texture":"#top"},"south":{"uv":[0,0,16,3],"texture":"#top","cullface":"south","rotation":90},"west":{"uv":[3,0,0,16],"texture":"#top","cullface":"west"}}},{"from":[0,0,0],"to":[3,16,3],"faces":{"north":{"uv":[0,3,16,0],"texture":"#top","cullface":"north","rotation":90},"east":{"uv":[13,0,16,16],"texture":"#top"},"south":{"uv":[14,0,13,16],"texture":"#top"},"west":{"uv":[16,0,13,16],"texture":"#top","cullface":"west"}}},{"from":[0,13,0],"to":[3,16,16],"faces":{"east":{"uv":[0,0,16,3],"texture":"#top"},"west":{"uv":[16,0,0,3],"texture":"#top","cullface":"west"},"up":{"uv":[16,0,0,3],"texture":"#top","cullface":"up","rotation":90},"down":{"uv":[0,2,16,3],"texture":"#top","rotation":90}}},{"from":[3,0,15],"to":[3.25,1,16],"faces":{"north":{"uv":[1,15,0,16],"texture":"#top"},"east":{"uv":[1,15,0,16],"texture":"#top"},"south":{"uv":[1,15,0,16],"texture":"#top"},"up":{"uv":[1,15,0,16],"texture":"#top","rotation":270}}},{"from":[3,10,15],"to":[3.25,12,16],"faces":{"north":{"uv":[1,4,0,6],"texture":"#top"},"east":{"uv":[1,4,0,6],"texture":"#top"},"south":{"uv":[1,4,0,6],"texture":"#top"},"up":{"uv":[1,4,0,5],"texture":"#top","rotation":270},"down":{"uv":[1,5,0,6],"texture":"#top","rotation":90}}},{"from":[-0.25,0,15],"to":[0,1,16],"faces":{"north":{"uv":[0,15,1,16],"texture":"#top","cullface":"west"},"south":{"uv":[0,15,1,16],"texture":"#top","cullface":"west"},"west":{"uv":[0,15,1,16],"texture":"#top","cullface":"west"},"up":{"uv":[1,16,0,15],"texture":"#top","cullface":"west","rotation":270}}},{"from":[-0.25,10,15],"to":[0,12,16],"faces":{"north":{"uv":[0,4,1,6],"texture":"#top","cullface":"west"},"south":{"uv":[0,4,1,6],"texture":"#top","cullface":"west"},"west":{"uv":[0,4,1,6],"texture":"#top","cullface":"west"},"up":{"uv":[1,5,0,4],"texture":"#top","cullface":"west","rotation":270},"down":{"uv":[1,6,0,5],"texture":"#top","cullface":"west","rotation":90}}},{"from":[-0.25,0,1],"to":[0,2,2],"faces":{"north":{"uv":[15,14,14,16],"texture":"#top","cullface":"west"},"south":{"uv":[15,14,14,16],"texture":"#top","cullface":"west"},"west":{"uv":[15,14,14,16],"texture":"#top","cullface":"west"},"up":{"uv":[14,15,15,14],"texture":"#top","cullface":"west"},"down":{"uv":[14,16,15,15],"texture":"#top","cullface":"west"}}},{"from":[3,0,1],"to":[3.25,2,2],"faces":{"north":{"uv":[14,14,15,16],"texture":"#top"},"east":{"uv":[14,14,15,16],"texture":"#top"},"south":{"uv":[14,14,15,16],"texture":"#top"},"up":{"uv":[15,15,14,14],"texture":"#top"},"down":{"uv":[15,16,14,15],"texture":"#top"}}},{"from":[1,0,3],"to":[2,13,13],"faces":{"east":{"uv":[3,3,13,16],"texture":"#top"},"west":{"uv":[13,3,3,16],"texture":"#top"}}}]}