{"parent":"minecraft:block/door_bottom_rh","textures":{"bottom":"minecraft:block/birch_door_bottom"},"elements":[{"from":[0,0,13],"to":[3,16,16],"faces":{"north":{"uv":[3,0,2,16],"texture":"#bottom"},"east":{"uv":[0,0,3,16],"texture":"#bottom"},"south":{"uv":[16,0,13,16],"texture":"#bottom","cullface":"south"},"west":{"uv":[3,0,0,16],"texture":"#bottom","cullface":"west"}}},{"from":[0,0,0],"to":[3,12,16],"faces":{"east":{"uv":[0,4,16,16],"texture":"#bottom"},"west":{"uv":[16,4,0,16],"texture":"#bottom","cullface":"west"},"up":{"uv":[16,4,0,5],"texture":"#bottom","rotation":90},"down":{"uv":[16,13,0,16],"texture":"#bottom","cullface":"down","rotation":90}}},{"from":[1,12,3],"to":[2,16,13],"faces":{"east":{"uv":[3,0,13,4],"texture":"#bottom"},"west":{"uv":[13,0,3,4],"texture":"#bottom"}}},{"from":[0,0,0],"to":[3,16,3],"faces":{"north":{"uv":[13,0,16,16],"texture":"#bottom","cullface":"north"},"east":{"uv":[13,0,16,16],"texture":"#bottom"},"south":{"uv":[14,0,13,16],"texture":"#bottom"},"west":{"uv":[16,0,13,16],"texture":"#bottom","cullface":"west"}}},{"from":[-0.25,4,15],"to":[0,6,16],"faces":{"north":{"uv":[1,10,0,12],"texture":"#bottom","cullface":"west"},"south":{"uv":[1,10,0,12],"texture":"#bottom","cullface":"west"},"west":{"uv":[1,10,0,12],"texture":"#bottom","cullface":"west"},"up":{"uv":[1,10,0,11],"texture":"#bottom","cullface":"west","rotation":270},"down":{"uv":[1,11,0,12],"texture":"#bottom","cullface":"west","rotation":90}}},{"from":[-0.25,15,15],"to":[0,16,16],"faces":{"north":{"uv":[1,0,0,1],"texture":"#bottom","cullface":"west"},"south":{"uv":[1,0,0,1],"texture":"#bottom","cullface":"west"},"west":{"uv":[1,0,0,1],"texture":"#bottom","cullface":"west"},"down":{"uv":[1,0,0,1],"texture":"#bottom","cullface":"west","rotation":90}}},{"from":[3,15,15],"to":[3.25,16,16],"faces":{"north":{"uv":[1,0,0,1],"texture":"#bottom"},"east":{"uv":[1,0,0,1],"texture":"#bottom"},"south":{"uv":[1,0,0,1],"texture":"#bottom"},"down":{"uv":[1,0,0,1],"texture":"#bottom","rotation":270}}},{"from":[3,4,15],"to":[3.25,6,16],"faces":{"north":{"uv":[1,10,0,12],"texture":"#bottom"},"east":{"uv":[1,10,0,12],"texture":"#bottom"},"south":{"uv":[1,10,0,12],"texture":"#bottom"},"up":{"uv":[1,10,0,11],"texture":"#bottom","rotation":90},"down":{"uv":[1,11,0,12],"texture":"#bottom","rotation":270}}}]}