{"parent":"minecraft:block/cube","textures":{"particle":"minecraft:block/chiseled_bookshelf_top","top":"minecraft:block/chiseled_bookshelf_top","side":"minecraft:block/chiseled_bookshelf_side","front":"minecraft:block/chiseled_bookshelf_empty"},"elements":[{"from":[0,0,0],"to":[16,1,16],"faces":{"north":{"uv":[0,15,16,16],"texture":"#front","cullface":"north"},"up":{"uv":[0,0,16,16],"texture":"#top","cullface":"north"},"down":{"uv":[0,0,16,16],"texture":"#top","cullface":"down"}}},{"from":[0,0,0],"to":[1,16,16],"faces":{"north":{"uv":[15,0,16,16],"texture":"#front","cullface":"north"},"east":{"uv":[0,0,16,16],"texture":"#side","cullface":"north"},"west":{"uv":[0,0,16,16],"texture":"#side","cullface":"west"}}},{"from":[15,0,0],"to":[16,16,16],"faces":{"north":{"uv":[0,0,1,16],"texture":"#front","cullface":"north"},"east":{"uv":[0,0,16,16],"texture":"#side","cullface":"east"},"west":{"uv":[0,0,16,16],"texture":"#side","cullface":"north"}}},{"from":[0,15,0],"to":[16,16,16],"faces":{"north":{"uv":[0,0,16,1],"texture":"#front","cullface":"north"},"up":{"uv":[0,0,16,16],"texture":"#top","cullface":"up"},"down":{"uv":[0,0,16,16],"texture":"#top","cullface":"north"}}},{"from":[1,7,0],"to":[15,9,4],"faces":{"north":{"uv":[1,7,15,9],"texture":"#front","cullface":"north"},"up":{"uv":[1,0,15,4],"texture":"#top","cullface":"north"},"down":{"uv":[1,0,15,4],"texture":"#top","cullface":"north"}}},{"from":[0,0,4],"to":[16,16,16],"faces":{"north":{"uv":[0,0,16,16],"texture":"#front","cullface":"north"},"south":{"uv":[0,0,16,16],"texture":"#side","cullface":"south"}}}]}