{"parent":"minecraft:block/block","textures":{"top":"minecraft:block/composter_top","bottom":"minecraft:block/composter_bottom","particle":"minecraft:block/composter_side","side":"minecraft:block/composter_side"},"elements":[{"from":[0,0,0],"to":[2,16,16],"faces":{"west":{"uv":[0,0,16,16],"texture":"#side","cullface":"west"},"up":{"uv":[0,0,2,16],"texture":"#top","cullface":"up"}}},{"from":[14,0,0],"to":[16,16,16],"faces":{"east":{"uv":[0,0,16,16],"texture":"#side","cullface":"east"},"up":{"uv":[14,0,16,16],"texture":"#top","cullface":"up"}}},{"from":[0,0,0],"to":[16,16,2],"faces":{"north":{"uv":[0,0,16,16],"texture":"#side","cullface":"north"},"up":{"uv":[0,0,16,2],"texture":"#top","cullface":"up"}}},{"from":[0,0,14],"to":[16,16,16],"faces":{"south":{"uv":[0,0,16,16],"texture":"#side","cullface":"south"},"up":{"uv":[0,14,16,16],"texture":"#top","cullface":"up"}}},{"from":[0,1,-0.5],"to":[16,3,0],"faces":{"north":{"uv":[0,13,16,15],"texture":"#side","cullface":"north"},"east":{"uv":[0,13,1,15],"texture":"#side","cullface":"north"},"west":{"uv":[15,13,16,15],"texture":"#side","cullface":"north"},"up":{"uv":[0,13,16,14],"texture":"#side","cullface":"north","rotation":180},"down":{"uv":[0,14,16,15],"texture":"#side","cullface":"north","rotation":180}}},{"from":[0,5,-0.5],"to":[16,7,0],"faces":{"north":{"uv":[0,9,16,11],"texture":"#side","cullface":"north"},"east":{"uv":[0,9,1,11],"texture":"#side","cullface":"north"},"west":{"uv":[15,9,16,11],"texture":"#side","cullface":"north"},"up":{"uv":[0,9,16,10],"texture":"#side","cullface":"north","rotation":180},"down":{"uv":[0,10,16,11],"texture":"#side","cullface":"north","rotation":180}}},{"from":[0,9,-0.5],"to":[16,11,0],"faces":{"north":{"uv":[0,5,16,7],"texture":"#side","cullface":"north"},"east":{"uv":[0,5,1,7],"texture":"#side","cullface":"north"},"west":{"uv":[15,5,16,7],"texture":"#side","cullface":"north"},"up":{"uv":[0,5,16,6],"texture":"#side","cullface":"north","rotation":180},"down":{"uv":[0,6,16,7],"texture":"#side","cullface":"north","rotation":180}}},{"from":[0,13,-0.5],"to":[16,16,0],"faces":{"north":{"uv":[0,0,16,3],"texture":"#side","cullface":"north"},"east":{"uv":[0,0,1,3],"texture":"#side","cullface":"north"},"west":{"uv":[15,0,16,3],"texture":"#side","cullface":"north"},"up":{"uv":[0,0,16,1],"texture":"#side","cullface":"north","rotation":180},"down":{"uv":[0,2,16,3],"texture":"#side","cullface":"north","rotation":180}}},{"from":[16,1,0],"to":[16.5,3,16],"faces":{"north":{"uv":[15,13,16,15],"texture":"#side","cullface":"east"},"east":{"uv":[0,13,16,15],"texture":"#side","cullface":"east"},"south":{"uv":[0,13,1,15],"texture":"#side","cullface":"east"},"up":{"uv":[0,13,16,14],"texture":"#side","cullface":"east","rotation":270},"down":{"uv":[0,14,16,15],"texture":"#side","cullface":"east","rotation":90}}},{"from":[16,5,0],"to":[16.5,7,16],"faces":{"north":{"uv":[15,9,16,11],"texture":"#side","cullface":"east"},"east":{"uv":[0,9,16,11],"texture":"#side","cullface":"east"},"south":{"uv":[0,9,1,11],"texture":"#side","cullface":"east"},"up":{"uv":[0,9,16,10],"texture":"#side","cullface":"east","rotation":270},"down":{"uv":[0,10,16,11],"texture":"#side","cullface":"east","rotation":90}}},{"from":[16,9,0],"to":[16.5,11,16],"faces":{"north":{"uv":[15,5,16,7],"texture":"#side","cullface":"east"},"east":{"uv":[0,5,16,7],"texture":"#side","cullface":"east"},"south":{"uv":[0,5,1,7],"texture":"#side","cullface":"east"},"up":{"uv":[0,5,16,6],"texture":"#side","cullface":"east","rotation":270},"down":{"uv":[0,6,16,7],"texture":"#side","cullface":"east","rotation":90}}},{"from":[16,13,0],"to":[16.5,16,16],"faces":{"north":{"uv":[15,0,16,3],"texture":"#side","cullface":"east"},"east":{"uv":[0,0,16,3],"texture":"#side","cullface":"east"},"south":{"uv":[0,0,1,3],"texture":"#side","cullface":"east"},"up":{"uv":[0,0,16,1],"texture":"#side","cullface":"east","rotation":270},"down":{"uv":[0,2,16,3],"texture":"#side","cullface":"east","rotation":90}}},{"from":[0,1,16],"to":[16,3,16.5],"faces":{"east":{"uv":[15,13,16,15],"texture":"#side","cullface":"south"},"south":{"uv":[0,13,16,15],"texture":"#side","cullface":"south"},"west":{"uv":[0,13,1,15],"texture":"#side","cullface":"south"},"up":{"uv":[0,13,16,14],"texture":"#side","cullface":"south"},"down":{"uv":[0,14,16,15],"texture":"#side","cullface":"south"}}},{"from":[0,5,16],"to":[16,7,16.5],"faces":{"east":{"uv":[15,9,16,11],"texture":"#side","cullface":"south"},"south":{"uv":[0,9,16,11],"texture":"#side","cullface":"south"},"west":{"uv":[0,9,1,11],"texture":"#side","cullface":"south"},"up":{"uv":[0,9,16,10],"texture":"#side","cullface":"south"},"down":{"uv":[0,10,16,11],"texture":"#side","cullface":"south"}}},{"from":[0,9,16],"to":[16,11,16.5],"faces":{"east":{"uv":[15,5,16,7],"texture":"#side","cullface":"south"},"south":{"uv":[0,5,16,7],"texture":"#side","cullface":"south"},"west":{"uv":[0,5,1,7],"texture":"#side","cullface":"south"},"up":{"uv":[0,5,16,6],"texture":"#side","cullface":"south"},"down":{"uv":[0,6,16,7],"texture":"#side","cullface":"south"}}},{"from":[0,13,16],"to":[16,16,16.5],"faces":{"east":{"uv":[15,0,16,3],"texture":"#side","cullface":"south"},"south":{"uv":[0,0,16,3],"texture":"#side","cullface":"south"},"west":{"uv":[0,0,1,3],"texture":"#side","cullface":"south"},"up":{"uv":[0,0,16,1],"texture":"#side","cullface":"south"},"down":{"uv":[0,2,16,3],"texture":"#side","cullface":"south"}}},{"from":[-0.5,1,0],"to":[0,3,16],"faces":{"north":{"uv":[0,13,1,15],"texture":"#side","cullface":"west"},"south":{"uv":[15,13,16,15],"texture":"#side","cullface":"west"},"west":{"uv":[0,13,16,15],"texture":"#side","cullface":"west"},"up":{"uv":[0,13,16,14],"texture":"#side","cullface":"west","rotation":90},"down":{"uv":[0,14,16,15],"texture":"#side","cullface":"west","rotation":270}}},{"from":[-0.5,5,0],"to":[0,7,16],"faces":{"north":{"uv":[0,9,1,11],"texture":"#side","cullface":"west"},"south":{"uv":[15,9,16,11],"texture":"#side","cullface":"west"},"west":{"uv":[0,9,16,11],"texture":"#side","cullface":"west"},"up":{"uv":[0,9,16,10],"texture":"#side","cullface":"west","rotation":90},"down":{"uv":[0,10,16,11],"texture":"#side","cullface":"west","rotation":270}}},{"from":[-0.5,9,0],"to":[0,11,16],"faces":{"north":{"uv":[0,5,1,7],"texture":"#side","cullface":"west"},"south":{"uv":[15,5,16,7],"texture":"#side","cullface":"west"},"west":{"uv":[0,5,16,7],"texture":"#side","cullface":"west"},"up":{"uv":[0,5,16,6],"texture":"#side","cullface":"west","rotation":90},"down":{"uv":[0,6,16,7],"texture":"#side","cullface":"west","rotation":270}}},{"from":[-0.5,13,0],"to":[0,16,16],"faces":{"north":{"uv":[0,0,1,3],"texture":"#side","cullface":"west"},"south":{"uv":[15,0,16,3],"texture":"#side","cullface":"west"},"west":{"uv":[0,0,16,3],"texture":"#side","cullface":"west"},"up":{"uv":[0,0,16,1],"texture":"#side","cullface":"west","rotation":90},"down":{"uv":[0,2,16,3],"texture":"#side","cullface":"west","rotation":270}}},{"from":[0,-0.5,0],"to":[1,0,16],"faces":{"north":{"uv":[0,15,1,16],"texture":"#bottom","cullface":"down","rotation":180},"east":{"uv":[0,0,1,15.98],"texture":"#bottom","cullface":"down","rotation":270},"south":{"uv":[0,0,1,1],"texture":"#bottom","cullface":"down"},"west":{"uv":[0,0,1,15.98],"texture":"#bottom","cullface":"down","rotation":90},"down":{"uv":[0,0,1,15.98],"texture":"#bottom","cullface":"down"}}},{"from":[15,-0.5,0],"to":[16,0,16],"faces":{"north":{"uv":[15,15,16,16],"texture":"#bottom","cullface":"down","rotation":180},"east":{"uv":[15,0,16,15.98],"texture":"#bottom","cullface":"down","rotation":270},"south":{"uv":[15,0,16,1],"texture":"#bottom","cullface":"down"},"west":{"uv":[15,0,16,15.98],"texture":"#bottom","cullface":"down","rotation":90},"down":{"uv":[15,0,16,15.98],"texture":"#bottom","cullface":"down"}}},{"from":[1,-0.5,14.99],"to":[15,0,15.99],"faces":{"north":{"uv":[1,0,15,1],"texture":"#bottom","cullface":"down","rotation":180},"south":{"uv":[1,0,15,1],"texture":"#bottom","cullface":"down"},"down":{"uv":[1,0,15,1],"texture":"#bottom","cullface":"down"}}},{"from":[1,-0.5,0],"to":[15,0,1],"faces":{"north":{"uv":[1,15,15,16],"texture":"#bottom","cullface":"down","rotation":180},"south":{"uv":[1,15,15,16],"texture":"#bottom","cullface":"down"},"down":{"uv":[1,15,15,16],"texture":"#bottom","cullface":"down"}}},{"from":[2,-0.5,2],"to":[5,0,14],"faces":{"north":{"uv":[2,13,5,14],"texture":"#bottom","cullface":"down","rotation":180},"east":{"uv":[4,2,5,14],"texture":"#bottom","cullface":"down","rotation":270},"south":{"uv":[2,2,5,3],"texture":"#bottom","cullface":"down"},"west":{"uv":[2,2,3,14],"texture":"#bottom","cullface":"down","rotation":90},"down":{"uv":[2,2,5,14],"texture":"#bottom","cullface":"down"}}},{"from":[6,-0.5,2],"to":[10,0,14],"faces":{"north":{"uv":[6,13,10,14],"texture":"#bottom","cullface":"down","rotation":180},"east":{"uv":[9,2,10,14],"texture":"#bottom","cullface":"down","rotation":270},"south":{"uv":[6,2,10,3],"texture":"#bottom","cullface":"down"},"west":{"uv":[6,2,7,14],"texture":"#bottom","cullface":"down","rotation":90},"down":{"uv":[6,2,10,14],"texture":"#bottom","cullface":"down"}}},{"from":[11,-0.5,2],"to":[14,0,14],"faces":{"north":{"uv":[11,13,14,14],"texture":"#bottom","cullface":"down","rotation":180},"east":{"uv":[13,2,14,14],"texture":"#bottom","cullface":"down","rotation":270},"south":{"uv":[11,2,14,3],"texture":"#bottom","cullface":"down"},"west":{"uv":[11,2,12,14],"texture":"#bottom","cullface":"down","rotation":90},"down":{"uv":[11,2,14,14],"texture":"#bottom","cullface":"down"}}},{"from":[0,0,0],"to":[16,0,16],"faces":{"down":{"uv":[0,0,16,16],"texture":"#bottom","cullface":"down"}}}]}