{"parent":"minecraft:block/cube","textures":{"front_alt":"minecraft:classic-3d/block/crafting_table_front","side_alt":"minecraft:classic-3d/block/crafting_table_side","top":"minecraft:block/crafting_table_top","bottom":"minecraft:block/oak_planks","particle":"minecraft:block/crafting_table_front","front":"minecraft:block/crafting_table_front","side":"minecraft:block/crafting_table_side"},"elements":[{"from":[0,0,0],"to":[16,16,16],"faces":{"north":{"uv":[0,0,16,16],"texture":"#front_alt","cullface":"north"},"east":{"uv":[0,0,16,16],"texture":"#side_alt","cullface":"east"},"south":{"uv":[0,0,16,16],"texture":"#side_alt","cullface":"south"},"west":{"uv":[0,0,16,16],"texture":"#front_alt","cullface":"west"},"up":{"uv":[0,0,16,16],"texture":"#top","cullface":"up"},"down":{"uv":[0,0,16,16],"texture":"#bottom","cullface":"down"}}},{"from":[0,-0.5,13],"to":[15,0,16],"faces":{"north":{"uv":[0,2,15,3],"texture":"#bottom","cullface":"down","rotation":180},"east":{"uv":[14,0,15,3],"texture":"#bottom","cullface":"down","rotation":270},"south":{"uv":[0,0,15,1],"texture":"#bottom","cullface":"down"},"west":{"uv":[0,0,1,3],"texture":"#bottom","cullface":"down","rotation":90},"down":{"uv":[0,0,15,3],"texture":"#bottom","cullface":"down"}}},{"from":[8,-0.5,1],"to":[16,0,4],"faces":{"north":{"uv":[8,14,16,15],"texture":"#bottom","cullface":"down","rotation":180},"east":{"uv":[15,12,16,15],"texture":"#bottom","cullface":"down","rotation":270},"south":{"uv":[8,12,16,13],"texture":"#bottom","cullface":"down"},"west":{"uv":[8,12,9,15],"texture":"#bottom","cullface":"down","rotation":90},"down":{"uv":[8,12,16,15],"texture":"#bottom","cullface":"down"}}},{"from":[8,-0.5,9],"to":[16,0,12],"faces":{"north":{"uv":[8,6,16,7],"texture":"#bottom","cullface":"down","rotation":180},"east":{"uv":[15,4,16,7],"texture":"#bottom","cullface":"down","rotation":270},"south":{"uv":[8,4,16,5],"texture":"#bottom","cullface":"down"},"west":{"uv":[8,4,9,7],"texture":"#bottom","cullface":"down","rotation":90},"down":{"uv":[8,4,16,7],"texture":"#bottom","cullface":"down"}}},{"from":[0,-0.5,9],"to":[7,0,12],"faces":{"north":{"uv":[0,6,7,7],"texture":"#bottom","cullface":"down","rotation":180},"east":{"uv":[6,4,7,7],"texture":"#bottom","cullface":"down","rotation":270},"south":{"uv":[0,4,7,5],"texture":"#bottom","cullface":"down"},"west":{"uv":[0,4,1,7],"texture":"#bottom","cullface":"down","rotation":90},"down":{"uv":[0,4,7,7],"texture":"#bottom","cullface":"down"}}},{"from":[0,-0.5,1],"to":[7,0,4],"faces":{"north":{"uv":[0,14,7,15],"texture":"#bottom","cullface":"down","rotation":180},"east":{"uv":[6,12,7,15],"texture":"#bottom","cullface":"down","rotation":270},"south":{"uv":[0,12,7,13],"texture":"#bottom","cullface":"down"},"west":{"uv":[0,12,1,15],"texture":"#bottom","cullface":"down","rotation":90},"down":{"uv":[0,12,7,15],"texture":"#bottom","cullface":"down"}}},{"from":[0,-0.5,5],"to":[15,0,8],"faces":{"north":{"uv":[0,10,15,11],"texture":"#bottom","cullface":"down","rotation":180},"east":{"uv":[14,8,15,11],"texture":"#bottom","cullface":"down","rotation":270},"south":{"uv":[0,8,15,9],"texture":"#bottom","cullface":"down"},"west":{"uv":[0,8,1,11],"texture":"#bottom","cullface":"down","rotation":90},"down":{"uv":[0,8,15,11],"texture":"#bottom","cullface":"down"}}},{"from":[5,15.75,-0.75],"to":[11,16.75,0],"faces":{"north":{"uv":[5,0,11,1],"texture":"#front","cullface":"north"},"east":{"uv":[5,0,6,1],"texture":"#front","cullface":"north"},"west":{"uv":[10,0,11,1],"texture":"#front","cullface":"north"},"up":{"uv":[5,0,11,1],"texture":"#front","cullface":"north"},"down":{"uv":[5,0,11,1],"texture":"#front","cullface":"north"}}},{"from":[6,14.75,-0.75],"to":[10,15.75,0],"faces":{"north":{"uv":[6,1,10,2],"texture":"#front","cullface":"north"},"east":{"uv":[6,1,7,2],"texture":"#front","cullface":"north"},"west":{"uv":[9,1,10,2],"texture":"#front","cullface":"north"},"down":{"uv":[6,1,10,2],"texture":"#front","cullface":"north"}}},{"from":[7,13.75,-0.75],"to":[9,14.75,0],"faces":{"north":{"uv":[7,2,9,3],"texture":"#front","cullface":"north"},"east":{"uv":[7,2,8,3],"texture":"#front","cullface":"north"},"west":{"uv":[8,2,9,3],"texture":"#front","cullface":"north"},"down":{"uv":[7,2,9,3],"texture":"#front","cullface":"north"}}},{"from":[12,7,-1],"to":[13,11,0],"faces":{"north":{"uv":[3,5,4,9],"texture":"#front_alt","cullface":"north"},"east":{"uv":[3,5,4,9],"texture":"#front_alt","cullface":"north"},"west":{"uv":[3,5,4,9],"texture":"#front_alt","cullface":"north"},"up":{"uv":[3,5,4,6],"texture":"#front_alt","cullface":"north"}}},{"from":[11,5,-1],"to":[14,7,0],"faces":{"north":{"uv":[2,9,5,11],"texture":"#front_alt","cullface":"north"},"east":{"uv":[2,9,3,11],"texture":"#front_alt","cullface":"north"},"west":{"uv":[4,9,5,11],"texture":"#front_alt","cullface":"north"},"up":{"uv":[2,9,5,10],"texture":"#front_alt","cullface":"north"},"down":{"uv":[2,10,5,11],"texture":"#front_alt","cullface":"north","rotation":180}}},{"from":[2,3,-1],"to":[3,13,0],"faces":{"north":{"uv":[13,3,14,13],"texture":"#front_alt","cullface":"north"},"east":{"uv":[13,3,14,13],"texture":"#front_alt","cullface":"north"},"west":{"uv":[13,3,14,13],"texture":"#front_alt","cullface":"north"},"up":{"uv":[13,3,14,4],"texture":"#front_alt","cullface":"north"},"down":{"uv":[13,12,14,13],"texture":"#front_alt","cullface":"north"}}},{"from":[3,5,-1],"to":[4,11,0],"faces":{"north":{"uv":[12,5,13,11],"texture":"#front_alt","cullface":"north"},"east":{"uv":[12,5,13,11],"texture":"#front_alt","cullface":"north"},"up":{"uv":[12,5,13,6],"texture":"#front_alt","cullface":"north"},"down":{"uv":[12,10,13,11],"texture":"#front_alt","cullface":"north"}}},{"from":[4,7,-1],"to":[5,13,0],"faces":{"north":{"uv":[11,3,12,9],"texture":"#front_alt","cullface":"north"},"east":{"uv":[11,3,12,9],"texture":"#front_alt","cullface":"north"},"west":{"uv":[11,3,12,9],"texture":"#front_alt","cullface":"north"},"up":{"uv":[11,3,12,4],"texture":"#front_alt","cullface":"north"},"down":{"uv":[11,8,12,9],"texture":"#front_alt","cullface":"north"}}},{"from":[3,12,-1],"to":[4,13,0],"faces":{"north":{"uv":[12,3,13,4],"texture":"#front_alt","cullface":"north"},"up":{"uv":[12,3,13,4],"texture":"#front_alt","cullface":"north"},"down":{"uv":[12,3,13,4],"texture":"#front_alt","cullface":"north"}}},{"from":[-1,7,3],"to":[0,11,4],"faces":{"north":{"uv":[3,5,4,9],"texture":"#front_alt","cullface":"west"},"south":{"uv":[3,5,4,9],"texture":"#front_alt","cullface":"west"},"west":{"uv":[3,5,4,9],"texture":"#front_alt","cullface":"west"},"up":{"uv":[3,5,4,6],"texture":"#front_alt","cullface":"west"}}},{"from":[-1,5,2],"to":[0,7,5],"faces":{"north":{"uv":[2,9,3,11],"texture":"#front_alt","cullface":"west"},"south":{"uv":[4,9,5,11],"texture":"#front_alt","cullface":"west"},"west":{"uv":[2,9,5,11],"texture":"#front_alt","cullface":"west"},"up":{"uv":[2,9,5,10],"texture":"#front_alt","cullface":"west"},"down":{"uv":[2,10,5,11],"texture":"#front_alt","cullface":"west","rotation":270}}},{"from":[-1,7,11],"to":[0,13,12],"faces":{"north":{"uv":[11,3,12,9],"texture":"#front_alt","cullface":"west"},"south":{"uv":[11,3,12,9],"texture":"#front_alt","cullface":"west"},"west":{"uv":[11,3,12,9],"texture":"#front_alt","cullface":"west"},"up":{"uv":[11,3,12,4],"texture":"#front_alt","cullface":"west"},"down":{"uv":[11,8,12,9],"texture":"#front_alt","cullface":"west"}}},{"from":[-1,5,12],"to":[0,11,13],"faces":{"north":{"uv":[12,5,13,11],"texture":"#front_alt","cullface":"west"},"west":{"uv":[12,5,13,11],"texture":"#front_alt","cullface":"west"},"up":{"uv":[12,5,13,6],"texture":"#front_alt","cullface":"west"},"down":{"uv":[12,10,13,11],"texture":"#front_alt","cullface":"west"}}},{"from":[-1,12,12],"to":[0,13,13],"faces":{"west":{"uv":[12,3,13,4],"texture":"#front_alt","cullface":"west"},"up":{"uv":[12,3,13,4],"texture":"#front_alt","cullface":"west"},"down":{"uv":[12,3,13,4],"texture":"#front_alt","cullface":"west"}}},{"from":[-1,3,13],"to":[0,13,14],"faces":{"north":{"uv":[13,3,14,13],"texture":"#front_alt","cullface":"west"},"south":{"uv":[13,3,14,13],"texture":"#front_alt","cullface":"west"},"west":{"uv":[13,3,14,13],"texture":"#front_alt","cullface":"west"},"up":{"uv":[13,3,14,4],"texture":"#front_alt","cullface":"west"},"down":{"uv":[13,12,14,13],"texture":"#front_alt","cullface":"west"}}},{"from":[-0.75,15.75,5],"to":[0,16.75,11],"faces":{"north":{"uv":[5,0,6,1],"texture":"#front","cullface":"west"},"south":{"uv":[10,0,11,1],"texture":"#front","cullface":"west"},"west":{"uv":[5,0,11,1],"texture":"#front","cullface":"west"},"up":{"uv":[5,0,11,1],"texture":"#front","cullface":"west","rotation":270},"down":{"uv":[5,0,11,1],"texture":"#front","cullface":"west","rotation":90}}},{"from":[-0.75,14.75,6],"to":[0,15.75,10],"faces":{"north":{"uv":[6,1,7,2],"texture":"#front","cullface":"west"},"south":{"uv":[9,1,10,2],"texture":"#front","cullface":"west"},"west":{"uv":[6,1,10,2],"texture":"#front","cullface":"west"},"down":{"uv":[6,1,10,2],"texture":"#front","cullface":"west","rotation":90}}},{"from":[-0.75,13.75,7],"to":[0,14.75,9],"faces":{"north":{"uv":[7,2,8,3],"texture":"#front","cullface":"west"},"south":{"uv":[8,2,9,3],"texture":"#front","cullface":"west"},"west":{"uv":[7,2,9,3],"texture":"#front","cullface":"west"},"down":{"uv":[7,2,9,3],"texture":"#front","cullface":"west","rotation":90}}},{"from":[3,9,16],"to":[4,11,17],"faces":{"east":{"uv":[3,5,4,7],"texture":"#side_alt","cullface":"south"},"south":{"uv":[3,5,4,7],"texture":"#side_alt","cullface":"south"},"west":{"uv":[3,5,4,7],"texture":"#side_alt","cullface":"south"},"up":{"uv":[3,5,4,6],"texture":"#side_alt","cullface":"south"},"down":{"uv":[3,6,4,7],"texture":"#side_alt","cullface":"south"}}},{"from":[4,8,16],"to":[5,9,17],"faces":{"east":{"uv":[4,7,5,8],"texture":"#side_alt","cullface":"south"},"south":{"uv":[4,7,5,8],"texture":"#side_alt","cullface":"south"},"west":{"uv":[4,7,5,8],"texture":"#side_alt","cullface":"south"},"up":{"uv":[4,7,5,8],"texture":"#side_alt","cullface":"south"},"down":{"uv":[4,7,5,8],"texture":"#side_alt","cullface":"south"}}},{"from":[3,6,16],"to":[4,8,17],"faces":{"east":{"uv":[3,8,4,10],"texture":"#side_alt","cullface":"south"},"south":{"uv":[3,8,4,10],"texture":"#side_alt","cullface":"south"},"west":{"uv":[3,8,4,10],"texture":"#side_alt","cullface":"south"},"up":{"uv":[3,8,4,9],"texture":"#side_alt","cullface":"south"},"down":{"uv":[3,9,4,10],"texture":"#side_alt","cullface":"south"}}},{"from":[5,6,16],"to":[6,8,17],"faces":{"east":{"uv":[3,8,4,10],"texture":"#side_alt","cullface":"south"},"south":{"uv":[3,8,4,10],"texture":"#side_alt","cullface":"south"},"west":{"uv":[3,8,4,10],"texture":"#side_alt","cullface":"south"},"up":{"uv":[3,8,4,9],"texture":"#side_alt","cullface":"south"},"down":{"uv":[3,9,4,10],"texture":"#side_alt","cullface":"south"}}},{"from":[5,9,16],"to":[6,11,17],"faces":{"east":{"uv":[3,5,4,7],"texture":"#side_alt","cullface":"south"},"south":{"uv":[3,5,4,7],"texture":"#side_alt","cullface":"south"},"west":{"uv":[3,5,4,7],"texture":"#side_alt","cullface":"south"},"up":{"uv":[3,5,4,6],"texture":"#side_alt","cullface":"south"},"down":{"uv":[3,6,4,7],"texture":"#side_alt","cullface":"south"}}},{"from":[5,15.75,16],"to":[11,16.75,16.75],"faces":{"east":{"uv":[10,0,11,1],"texture":"#side","cullface":"south"},"south":{"uv":[5,0,11,1],"texture":"#side","cullface":"south"},"west":{"uv":[5,0,6,1],"texture":"#side","cullface":"south"},"up":{"uv":[5,0,11,1],"texture":"#side","cullface":"south","rotation":180},"down":{"uv":[5,0,11,1],"texture":"#side","cullface":"south","rotation":180}}},{"from":[6,14.75,16],"to":[10,15.75,16.75],"faces":{"east":{"uv":[9,1,10,2],"texture":"#side","cullface":"south"},"south":{"uv":[6,1,10,2],"texture":"#side","cullface":"south"},"west":{"uv":[6,1,7,2],"texture":"#side","cullface":"south"},"down":{"uv":[6,1,10,2],"texture":"#side","cullface":"south","rotation":180}}},{"from":[7,13.75,16],"to":[9,14.75,16.75],"faces":{"east":{"uv":[8,2,9,3],"texture":"#side","cullface":"south"},"south":{"uv":[7,2,9,3],"texture":"#side","cullface":"south"},"west":{"uv":[7,2,8,3],"texture":"#side","cullface":"south"},"down":{"uv":[7,2,9,3],"texture":"#side","cullface":"south","rotation":180}}},{"from":[16,9,10],"to":[17,11,11],"faces":{"north":{"uv":[3,5,4,7],"texture":"#side_alt","cullface":"east"},"east":{"uv":[3,5,4,7],"texture":"#side_alt","cullface":"east"},"south":{"uv":[3,5,4,7],"texture":"#side_alt","cullface":"east"},"up":{"uv":[3,5,4,6],"texture":"#side_alt","cullface":"east"},"down":{"uv":[3,6,4,7],"texture":"#side_alt","cullface":"east"}}},{"from":[16,9,12],"to":[17,11,13],"faces":{"north":{"uv":[3,5,4,7],"texture":"#side_alt","cullface":"east"},"east":{"uv":[3,5,4,7],"texture":"#side_alt","cullface":"east"},"south":{"uv":[3,5,4,7],"texture":"#side_alt","cullface":"east"},"up":{"uv":[3,5,4,6],"texture":"#side_alt","cullface":"east"},"down":{"uv":[3,6,4,7],"texture":"#side_alt","cullface":"east"}}},{"from":[16,8,11],"to":[17,9,12],"faces":{"north":{"uv":[4,7,5,8],"texture":"#side_alt","cullface":"east"},"east":{"uv":[4,7,5,8],"texture":"#side_alt","cullface":"east"},"south":{"uv":[4,7,5,8],"texture":"#side_alt","cullface":"east"},"up":{"uv":[4,7,5,8],"texture":"#side_alt","cullface":"east"},"down":{"uv":[4,7,5,8],"texture":"#side_alt","cullface":"east"}}},{"from":[16,6,12],"to":[17,8,13],"faces":{"north":{"uv":[3,8,4,10],"texture":"#side_alt","cullface":"east"},"east":{"uv":[3,8,4,10],"texture":"#side_alt","cullface":"east"},"south":{"uv":[3,8,4,10],"texture":"#side_alt","cullface":"east"},"up":{"uv":[3,8,4,9],"texture":"#side_alt","cullface":"east"},"down":{"uv":[3,9,4,10],"texture":"#side_alt","cullface":"east"}}},{"from":[16,6,10],"to":[17,8,11],"faces":{"north":{"uv":[3,8,4,10],"texture":"#side_alt","cullface":"east"},"east":{"uv":[3,8,4,10],"texture":"#side_alt","cullface":"east"},"south":{"uv":[3,8,4,10],"texture":"#side_alt","cullface":"east"},"up":{"uv":[3,8,4,9],"texture":"#side_alt","cullface":"east"},"down":{"uv":[3,9,4,10],"texture":"#side_alt","cullface":"east"}}},{"from":[16,15.75,5],"to":[16.75,16.75,11],"faces":{"north":{"uv":[10,0,11,1],"texture":"#front","cullface":"east"},"east":{"uv":[5,0,11,1],"texture":"#front","cullface":"east"},"south":{"uv":[5,0,6,1],"texture":"#front","cullface":"east"},"up":{"uv":[5,0,11,1],"texture":"#front","cullface":"east","rotation":90},"down":{"uv":[5,0,11,1],"texture":"#front","cullface":"east","rotation":270}}},{"from":[16,14.75,6],"to":[16.75,15.75,10],"faces":{"north":{"uv":[9,1,10,2],"texture":"#front","cullface":"east"},"east":{"uv":[6,1,10,2],"texture":"#front","cullface":"east"},"south":{"uv":[6,1,7,2],"texture":"#front","cullface":"east"},"down":{"uv":[6,1,10,2],"texture":"#front","cullface":"east","rotation":270}}},{"from":[16,13.75,7],"to":[16.75,14.75,9],"faces":{"north":{"uv":[8,2,9,3],"texture":"#front","cullface":"north"},"east":{"uv":[7,2,9,3],"texture":"#front","cullface":"north"},"south":{"uv":[7,2,8,3],"texture":"#front","cullface":"north"},"down":{"uv":[7,2,9,3],"texture":"#front","cullface":"north","rotation":270}}},{"from":[13,16,2],"to":[14,16.75,14],"faces":{"north":{"uv":[4,0,5,0.75],"texture":"#top","cullface":"up"},"east":{"uv":[15,0,16,16],"texture":"#top","cullface":"up","rotation":90},"south":{"uv":[4,15,5,15.75],"texture":"#top","cullface":"up"},"up":{"uv":[2,2,3,14],"texture":"#top","cullface":"up"}}},{"from":[14,16,3],"to":[15,16.75,13],"faces":{"north":{"uv":[4,0,5,0.75],"texture":"#top","cullface":"up"},"east":{"uv":[15,0,16,16],"texture":"#top","cullface":"up","rotation":90},"south":{"uv":[4,15,5,15.75],"texture":"#top","cullface":"up"},"up":{"uv":[1,3,2,13],"texture":"#top","cullface":"up"}}},{"from":[15,16,4],"to":[16,16.75,12],"faces":{"north":{"uv":[4,0,5,0.75],"texture":"#top","cullface":"up"},"east":{"uv":[15,4,16,12],"texture":"#top","cullface":"up","rotation":90},"south":{"uv":[4,15,5,15.75],"texture":"#top","cullface":"up"},"up":{"uv":[0,4,1,12],"texture":"#top","cullface":"up"}}},{"from":[12,16,1],"to":[13,16.75,15],"faces":{"north":{"uv":[4,0,5,0.75],"texture":"#top","cullface":"up"},"east":{"uv":[15,0,16,16],"texture":"#top","cullface":"up","rotation":90},"south":{"uv":[4,15,5,15.75],"texture":"#top","cullface":"up"},"up":{"uv":[3,1,4,15],"texture":"#top","cullface":"up"}}},{"from":[4,16,0],"to":[12,16.75,16],"faces":{"north":{"uv":[4,0,12,0.75],"texture":"#top","cullface":"up"},"east":{"uv":[11,0,12,16],"texture":"#top","cullface":"up","rotation":90},"south":{"uv":[4,15,12,15.75],"texture":"#top","cullface":"up"},"west":{"uv":[4,0,5,16],"texture":"#top","cullface":"up","rotation":90},"up":{"uv":[4,0,12,15.95],"texture":"#top","cullface":"up"}}},{"from":[3,16,1],"to":[4,16.75,15],"faces":{"north":{"uv":[4,0,5,0.75],"texture":"#top","cullface":"up"},"south":{"uv":[4,15,5,15.75],"texture":"#top","cullface":"up"},"west":{"uv":[0,4,1,12],"texture":"#top","cullface":"up","rotation":90},"up":{"uv":[3,1,4,15],"texture":"#top","cullface":"up"}}},{"from":[2,16,2],"to":[3,16.75,14],"faces":{"north":{"uv":[4,0,5,0.75],"texture":"#top","cullface":"up"},"south":{"uv":[4,15,5,15.75],"texture":"#top","cullface":"up"},"west":{"uv":[0,4,1,12],"texture":"#top","cullface":"up","rotation":90},"up":{"uv":[2,2,3,14],"texture":"#top","cullface":"up"}}},{"from":[1,16,3],"to":[2,16.75,13],"faces":{"north":{"uv":[4,0,5,0.75],"texture":"#top","cullface":"up"},"south":{"uv":[4,15,5,15.75],"texture":"#top","cullface":"up"},"west":{"uv":[0,4,1,12],"texture":"#top","cullface":"up","rotation":90},"up":{"uv":[1,3,2,13],"texture":"#top","cullface":"up"}}},{"from":[0,16,4],"to":[1,16.75,12],"faces":{"north":{"uv":[4,0,5,0.75],"texture":"#top","cullface":"up"},"south":{"uv":[4,15,5,15.75],"texture":"#top","cullface":"up"},"west":{"uv":[0,4,1,12],"texture":"#top","cullface":"up","rotation":90},"up":{"uv":[0,4,1,12],"texture":"#top","cullface":"up"}}},{"from":[12,16.75,3],"to":[13,17,13],"faces":{"north":{"uv":[12,3,13,4],"texture":"#top","cullface":"up"},"east":{"uv":[12,3,13,13],"texture":"#top","cullface":"up","rotation":90},"south":{"uv":[12,12,13,13],"texture":"#top","cullface":"up"},"west":{"uv":[12,13,13,3],"texture":"#top","cullface":"up","rotation":90},"up":{"uv":[12,3,13,13],"texture":"#top","cullface":"up"}}},{"from":[4,16.75,12],"to":[12,17,13],"faces":{"north":{"uv":[12,12,4,13],"texture":"#top","cullface":"up"},"south":{"uv":[4,12,12,13],"texture":"#top","cullface":"up"},"up":{"uv":[4,12,12,13],"texture":"#top","cullface":"up"}}},{"from":[4,16.75,9],"to":[12,17,10],"faces":{"north":{"uv":[12,9,4,10],"texture":"#top","cullface":"up"},"south":{"uv":[4,9,12,10],"texture":"#top","cullface":"up"},"up":{"uv":[4,9,12,10],"texture":"#top","cullface":"up"}}},{"from":[9,16.75,4],"to":[10,17,12],"faces":{"east":{"uv":[9,4,10,12],"texture":"#top","cullface":"up","rotation":90},"west":{"uv":[9,12,10,4],"texture":"#top","cullface":"up","rotation":90},"up":{"uv":[9,4,10,12],"texture":"#top","cullface":"up"}}},{"from":[6,16.75,4],"to":[7,17,12],"faces":{"east":{"uv":[6,4,7,12],"texture":"#top","cullface":"up","rotation":90},"west":{"uv":[6,12,7,4],"texture":"#top","cullface":"up","rotation":90},"up":{"uv":[6,4,7,12],"texture":"#top","cullface":"up"}}},{"from":[3,16.75,3],"to":[4,17,13],"faces":{"north":{"uv":[3,3,4,4],"texture":"#top","cullface":"up"},"east":{"uv":[3,3,4,13],"texture":"#top","cullface":"up","rotation":90},"south":{"uv":[3,12,4,13],"texture":"#top","cullface":"up"},"west":{"uv":[3,13,4,3],"texture":"#top","cullface":"up","rotation":90},"up":{"uv":[3,3,4,13],"texture":"#top","cullface":"up"}}},{"from":[4,16.75,6],"to":[12,17,7],"faces":{"north":{"uv":[12,6,4,7],"texture":"#top","cullface":"up"},"south":{"uv":[4,6,12,7],"texture":"#top","cullface":"up"},"up":{"uv":[4,6,12,7],"texture":"#top","cullface":"up"}}},{"from":[4,16.75,3],"to":[12,17,4],"faces":{"north":{"uv":[12,3,4,4],"texture":"#top","cullface":"up"},"south":{"uv":[4,3,12,4],"texture":"#top","cullface":"up"},"up":{"uv":[4,3,12,4],"texture":"#top","cullface":"up"}}}]}