{"parent":"minecraft:block/block","textures":{"bottom":"minecraft:block/end_stone","top":"minecraft:block/end_portal_frame_top","particle":"minecraft:block/end_portal_frame_side","side":"minecraft:block/end_portal_frame_side"},"elements":[{"from":[0,0,0],"to":[16,12,16],"faces":{"north":{"uv":[0,4,16,16],"texture":"#side","cullface":"north"},"east":{"uv":[0,4,16,16],"texture":"#side","cullface":"east"},"south":{"uv":[0,4,16,16],"texture":"#side","cullface":"south"},"west":{"uv":[0,4,16,16],"texture":"#side","cullface":"west"},"up":{"uv":[0,0,16,16],"texture":"#top"},"down":{"uv":[0,0,16,16],"texture":"#bottom","cullface":"down"}}},{"from":[0,11,-0.25],"to":[16,13,0],"faces":{"north":{"uv":[0,3,16,5],"texture":"#side","cullface":"north"},"east":{"uv":[0,3,1,5],"texture":"#side","cullface":"north"},"west":{"uv":[15,3,16,5],"texture":"#side","cullface":"north"},"up":{"uv":[0,3,16,4],"texture":"#side","cullface":"north","rotation":180},"down":{"uv":[0,4,16,5],"texture":"#side","cullface":"north","rotation":180}}},{"from":[13,10,-0.25],"to":[16,11,0],"faces":{"north":{"uv":[0,5,3,6],"texture":"#side","cullface":"north"},"east":{"uv":[0,5,1,6],"texture":"#side","cullface":"north"},"west":{"uv":[2,5,3,6],"texture":"#side","cullface":"north"},"down":{"uv":[0,5,3,6],"texture":"#side","cullface":"north","rotation":180}}},{"from":[0,10,-0.25],"to":[3,11,0],"rotation":{"origin":[-5,8,8],"axis":"y","angle":0.0},"faces":{"north":{"uv":[13,5,16,6],"texture":"#side","cullface":"north"},"east":{"uv":[13,5,14,6],"texture":"#side","cullface":"north"},"west":{"uv":[15,5,16,6],"texture":"#side","cullface":"north"},"down":{"uv":[13,5,16,6],"texture":"#side","cullface":"north","rotation":180}}},{"from":[14,9,-0.25],"to":[16,10,0],"faces":{"north":{"uv":[0,6,2,7],"texture":"#side","cullface":"north"},"east":{"uv":[0,5,1,6],"texture":"#side","cullface":"north"},"west":{"uv":[1,6,2,7],"texture":"#side","cullface":"north"}}},{"from":[0,9,-0.25],"to":[2,10,0],"rotation":{"origin":[-6,8,8],"axis":"y","angle":0.0},"faces":{"north":{"uv":[14,6,16,7],"texture":"#side","cullface":"north"},"east":{"uv":[14,6,15,7],"texture":"#side","cullface":"north"},"west":{"uv":[15,6,16,7],"texture":"#side","cullface":"north"}}},{"from":[13,8,-0.25],"to":[16,9,0],"faces":{"north":{"uv":[0,7,3,8],"texture":"#side","cullface":"north"},"east":{"uv":[0,7,1,8],"texture":"#side","cullface":"north"},"west":{"uv":[2,7,3,8],"texture":"#side","cullface":"north"},"up":{"uv":[0,7,3,8],"texture":"#side","cullface":"north","rotation":180},"down":{"uv":[0,7,3,8],"texture":"#side","cullface":"north","rotation":180}}},{"from":[0,8,-0.25],"to":[3,9,0],"rotation":{"origin":[-5,8,8],"axis":"y","angle":0.0},"faces":{"north":{"uv":[13,7,16,8],"texture":"#side","cullface":"north"},"east":{"uv":[13,7,14,8],"texture":"#side","cullface":"north"},"west":{"uv":[15,7,16,8],"texture":"#side","cullface":"north"},"up":{"uv":[13,7,16,8],"texture":"#side","cullface":"north","rotation":180},"down":{"uv":[13,7,16,8],"texture":"#side","cullface":"north","rotation":180}}},{"from":[1,7,-0.25],"to":[15,8,0],"rotation":{"origin":[7,8,8],"axis":"y","angle":0.0},"faces":{"north":{"uv":[1,8,15,9],"texture":"#side","cullface":"north"},"east":{"uv":[1,8,2,9],"texture":"#side","cullface":"north"},"west":{"uv":[14,8,15,9],"texture":"#side","cullface":"north"},"up":{"uv":[1,8,15,9],"texture":"#side","cullface":"north","rotation":180},"down":{"uv":[1,8,15,9],"texture":"#side","cullface":"north","rotation":180}}},{"from":[2,6,-0.25],"to":[14,7,0],"rotation":{"origin":[6,8,8],"axis":"y","angle":0.0},"faces":{"north":{"uv":[2,9,14,10],"texture":"#side","cullface":"north"},"east":{"uv":[2,9,3,10],"texture":"#side","cullface":"north"},"west":{"uv":[13,9,14,10],"texture":"#side","cullface":"north"},"down":{"uv":[2,9,14,10],"texture":"#side","cullface":"north","rotation":180}}},{"from":[16,11,0],"to":[16.25,13,16],"faces":{"north":{"uv":[15,3,16,5],"texture":"#side","cullface":"east"},"east":{"uv":[0,3,16,5],"texture":"#side","cullface":"east"},"south":{"uv":[0,3,1,5],"texture":"#side","cullface":"east"},"up":{"uv":[0,3,16,4],"texture":"#side","cullface":"east","rotation":270},"down":{"uv":[0,4,16,5],"texture":"#side","cullface":"east","rotation":90}}},{"from":[16,10,13],"to":[16.25,11,16],"faces":{"north":{"uv":[2,5,3,6],"texture":"#side","cullface":"east"},"east":{"uv":[0,5,3,6],"texture":"#side","cullface":"east"},"south":{"uv":[0,5,1,6],"texture":"#side","cullface":"east"},"down":{"uv":[0,5,3,6],"texture":"#side","cullface":"east","rotation":90}}},{"from":[16,10,0],"to":[16.25,11,3],"faces":{"north":{"uv":[15,5,16,6],"texture":"#side","cullface":"east"},"east":{"uv":[13,5,16,6],"texture":"#side","cullface":"east"},"south":{"uv":[13,5,14,6],"texture":"#side","cullface":"east"},"down":{"uv":[13,5,16,6],"texture":"#side","cullface":"east","rotation":90}}},{"from":[16,9,14],"to":[16.25,10,16],"faces":{"north":{"uv":[1,6,2,7],"texture":"#side","cullface":"east"},"east":{"uv":[0,6,2,7],"texture":"#side","cullface":"east"},"south":{"uv":[0,5,1,6],"texture":"#side","cullface":"east"}}},{"from":[16,9,0],"to":[16.25,10,2],"faces":{"north":{"uv":[15,6,16,7],"texture":"#side","cullface":"east"},"east":{"uv":[14,6,16,7],"texture":"#side","cullface":"east"},"south":{"uv":[14,6,15,7],"texture":"#side","cullface":"east"}}},{"from":[16,8,13],"to":[16.25,9,16],"faces":{"north":{"uv":[2,7,3,8],"texture":"#side","cullface":"east"},"east":{"uv":[0,7,3,8],"texture":"#side","cullface":"east"},"south":{"uv":[0,7,1,8],"texture":"#side","cullface":"east"},"up":{"uv":[0,7,3,8],"texture":"#side","cullface":"east","rotation":270},"down":{"uv":[0,7,3,8],"texture":"#side","cullface":"east","rotation":90}}},{"from":[16,8,0],"to":[16.25,9,3],"faces":{"north":{"uv":[15,7,16,8],"texture":"#side","cullface":"east"},"east":{"uv":[13,7,16,8],"texture":"#side","cullface":"east"},"south":{"uv":[13,7,14,8],"texture":"#side","cullface":"east"},"up":{"uv":[13,7,16,8],"texture":"#side","cullface":"east","rotation":270},"down":{"uv":[13,7,16,8],"texture":"#side","cullface":"east","rotation":90}}},{"from":[16,7,1],"to":[16.25,8,15],"faces":{"north":{"uv":[14,8,15,9],"texture":"#side","cullface":"east"},"east":{"uv":[1,8,15,9],"texture":"#side","cullface":"east"},"south":{"uv":[1,8,2,9],"texture":"#side","cullface":"east"},"up":{"uv":[1,8,15,9],"texture":"#side","cullface":"east","rotation":270},"down":{"uv":[1,8,15,9],"texture":"#side","cullface":"east","rotation":90}}},{"from":[16,6,2],"to":[16.25,7,14],"faces":{"north":{"uv":[13,9,14,10],"texture":"#side","cullface":"east"},"east":{"uv":[2,9,14,10],"texture":"#side","cullface":"east"},"south":{"uv":[2,9,3,10],"texture":"#side","cullface":"east"},"down":{"uv":[2,9,14,10],"texture":"#side","cullface":"east","rotation":90}}},{"from":[0,11,16],"to":[16,13,16.25],"faces":{"east":{"uv":[15,3,16,5],"texture":"#side","cullface":"south"},"south":{"uv":[0,3,16,5],"texture":"#side","cullface":"south"},"west":{"uv":[0,3,1,5],"texture":"#side","cullface":"south"},"up":{"uv":[0,3,16,4],"texture":"#side","cullface":"south"},"down":{"uv":[0,4,16,5],"texture":"#side","cullface":"south"}}},{"from":[0,10,16],"to":[3,11,16.25],"faces":{"east":{"uv":[2,5,3,6],"texture":"#side","cullface":"south"},"south":{"uv":[0,5,3,6],"texture":"#side","cullface":"south"},"west":{"uv":[0,5,1,6],"texture":"#side","cullface":"south"},"down":{"uv":[0,5,3,6],"texture":"#side","cullface":"south"}}},{"from":[13,10,16],"to":[16,11,16.25],"faces":{"east":{"uv":[15,5,16,6],"texture":"#side","cullface":"south"},"south":{"uv":[13,5,16,6],"texture":"#side","cullface":"south"},"west":{"uv":[13,5,14,6],"texture":"#side","cullface":"south"},"down":{"uv":[13,5,16,6],"texture":"#side","cullface":"south"}}},{"from":[0,9,16],"to":[2,10,16.25],"faces":{"east":{"uv":[1,6,2,7],"texture":"#side","cullface":"south"},"south":{"uv":[0,6,2,7],"texture":"#side","cullface":"south"},"west":{"uv":[0,5,1,6],"texture":"#side","cullface":"south"}}},{"from":[14,9,16],"to":[16,10,16.25],"faces":{"east":{"uv":[15,6,16,7],"texture":"#side","cullface":"south"},"south":{"uv":[14,6,16,7],"texture":"#side","cullface":"south"},"west":{"uv":[14,6,15,7],"texture":"#side","cullface":"south"}}},{"from":[0,8,16],"to":[3,9,16.25],"faces":{"east":{"uv":[2,7,3,8],"texture":"#side","cullface":"south"},"south":{"uv":[0,7,3,8],"texture":"#side","cullface":"south"},"west":{"uv":[0,7,1,8],"texture":"#side","cullface":"south"},"up":{"uv":[0,7,3,8],"texture":"#side","cullface":"south"},"down":{"uv":[0,7,3,8],"texture":"#side","cullface":"south"}}},{"from":[13,8,16],"to":[16,9,16.25],"faces":{"east":{"uv":[15,7,16,8],"texture":"#side","cullface":"south"},"south":{"uv":[13,7,16,8],"texture":"#side","cullface":"south"},"west":{"uv":[13,7,14,8],"texture":"#side","cullface":"south"},"up":{"uv":[13,7,16,8],"texture":"#side","cullface":"south"},"down":{"uv":[13,7,16,8],"texture":"#side","cullface":"south"}}},{"from":[1,7,16],"to":[15,8,16.25],"faces":{"east":{"uv":[14,8,15,9],"texture":"#side","cullface":"south"},"south":{"uv":[1,8,15,9],"texture":"#side","cullface":"south"},"west":{"uv":[1,8,2,9],"texture":"#side","cullface":"south"},"up":{"uv":[1,8,15,9],"texture":"#side","cullface":"south"},"down":{"uv":[1,8,15,9],"texture":"#side","cullface":"south"}}},{"from":[2,6,16],"to":[14,7,16.25],"faces":{"east":{"uv":[13,9,14,10],"texture":"#side","cullface":"south"},"south":{"uv":[2,9,14,10],"texture":"#side","cullface":"south"},"west":{"uv":[2,9,3,10],"texture":"#side","cullface":"south"},"down":{"uv":[2,9,14,10],"texture":"#side","cullface":"south"}}},{"from":[-0.25,11,0],"to":[0,13,16],"faces":{"north":{"uv":[0,3,1,5],"texture":"#side","cullface":"west"},"south":{"uv":[15,3,16,5],"texture":"#side","cullface":"west"},"west":{"uv":[0,3,16,5],"texture":"#side","cullface":"west"},"up":{"uv":[0,3,16,4],"texture":"#side","cullface":"west","rotation":90},"down":{"uv":[0,4,16,5],"texture":"#side","cullface":"west","rotation":270}}},{"from":[-0.25,10,0],"to":[0,11,3],"faces":{"north":{"uv":[0,5,1,6],"texture":"#side","cullface":"west"},"south":{"uv":[2,5,3,6],"texture":"#side","cullface":"west"},"west":{"uv":[0,5,3,6],"texture":"#side","cullface":"west"},"down":{"uv":[0,5,3,6],"texture":"#side","cullface":"west","rotation":270}}},{"from":[-0.25,10,13],"to":[0,11,16],"faces":{"north":{"uv":[13,5,14,6],"texture":"#side","cullface":"west"},"south":{"uv":[15,5,16,6],"texture":"#side","cullface":"west"},"west":{"uv":[13,5,16,6],"texture":"#side","cullface":"west"},"down":{"uv":[13,5,16,6],"texture":"#side","cullface":"west","rotation":270}}},{"from":[-0.25,9,0],"to":[0,10,2],"faces":{"north":{"uv":[0,5,1,6],"texture":"#side","cullface":"west"},"south":{"uv":[1,6,2,7],"texture":"#side","cullface":"west"},"west":{"uv":[0,6,2,7],"texture":"#side","cullface":"west"}}},{"from":[-0.25,9,14],"to":[0,10,16],"faces":{"north":{"uv":[14,6,15,7],"texture":"#side","cullface":"west"},"south":{"uv":[15,6,16,7],"texture":"#side","cullface":"west"},"west":{"uv":[14,6,16,7],"texture":"#side","cullface":"west"}}},{"from":[-0.25,8,0],"to":[0,9,3],"faces":{"north":{"uv":[0,7,1,8],"texture":"#side","cullface":"west"},"south":{"uv":[2,7,3,8],"texture":"#side","cullface":"west"},"west":{"uv":[0,7,3,8],"texture":"#side","cullface":"west"},"up":{"uv":[0,7,3,8],"texture":"#side","cullface":"west","rotation":90},"down":{"uv":[0,7,3,8],"texture":"#side","cullface":"west","rotation":270}}},{"from":[-0.25,8,13],"to":[0,9,16],"faces":{"north":{"uv":[13,7,14,8],"texture":"#side","cullface":"west"},"south":{"uv":[15,7,16,8],"texture":"#side","cullface":"west"},"west":{"uv":[13,7,16,8],"texture":"#side","cullface":"west"},"up":{"uv":[13,7,16,8],"texture":"#side","cullface":"west","rotation":90},"down":{"uv":[13,7,16,8],"texture":"#side","cullface":"west","rotation":270}}},{"from":[-0.25,7,1],"to":[0,8,15],"faces":{"north":{"uv":[1,8,2,9],"texture":"#side","cullface":"west"},"south":{"uv":[14,8,15,9],"texture":"#side","cullface":"west"},"west":{"uv":[1,8,15,9],"texture":"#side","cullface":"west"},"up":{"uv":[1,8,15,9],"texture":"#side","cullface":"west","rotation":90},"down":{"uv":[1,8,15,9],"texture":"#side","cullface":"west","rotation":270}}},{"from":[-0.25,6,2],"to":[0,7,14],"faces":{"north":{"uv":[2,9,3,10],"texture":"#side","cullface":"west"},"south":{"uv":[13,9,14,10],"texture":"#side","cullface":"west"},"west":{"uv":[2,9,14,10],"texture":"#side","cullface":"west"},"down":{"uv":[2,9,14,10],"texture":"#side","cullface":"west","rotation":270}}},{"from":[0,12,0],"to":[16,13,5],"faces":{"south":{"uv":[0,4,16,5],"texture":"#top"},"up":{"uv":[0,0,16,5],"texture":"#top"}}},{"from":[11,12,5],"to":[16,13,11],"faces":{"west":{"uv":[11,5,12,11],"texture":"#top","rotation":270},"up":{"uv":[11,5,16,11],"texture":"#top"}}},{"from":[0,12,11],"to":[16,13,16],"faces":{"north":{"uv":[0,11,16,12],"texture":"#top","rotation":180},"up":{"uv":[0,11,16,16],"texture":"#top"}}},{"from":[0,12,5],"to":[5,13,11],"faces":{"east":{"uv":[4,5,5,11],"texture":"#top","rotation":90},"up":{"uv":[0,5,5,11],"texture":"#top"}}}]}