{"parent":"minecraft:block/cube_all","textures":{"all":"minecraft:block/spawner"},"elements":[{"from":[15,0,0],"to":[16,16,1],"faces":{"north":{"uv":[0,0,1,16],"texture":"#all","cullface":"north"},"east":{"uv":[15,0,16,16],"texture":"#all","cullface":"east"},"south":{"uv":[15,0,16,16],"texture":"#all"},"west":{"uv":[0,0,1,16],"texture":"#all"},"up":{"uv":[15,0,16,1],"texture":"#all","cullface":"up"},"down":{"uv":[15,15,16,16],"texture":"#all","cullface":"down"}}},{"from":[0,0,0],"to":[1,16,1],"faces":{"north":{"uv":[15,0,16,16],"texture":"#all","cullface":"north"},"east":{"uv":[15,0,16,16],"texture":"#all"},"south":{"uv":[0,0,1,16],"texture":"#all"},"west":{"uv":[0,0,1,16],"texture":"#all","cullface":"west"},"up":{"uv":[0,0,1,1],"texture":"#all","cullface":"up"},"down":{"uv":[0,15,1,16],"texture":"#all","cullface":"down"}}},{"from":[0,0,15],"to":[1,16,16],"faces":{"north":{"uv":[15,0,16,16],"texture":"#all"},"east":{"uv":[0,0,1,16],"texture":"#all"},"south":{"uv":[0,0,1,16],"texture":"#all","cullface":"south"},"west":{"uv":[15,0,16,16],"texture":"#all","cullface":"west"},"up":{"uv":[0,15,1,16],"texture":"#all","cullface":"up"},"down":{"uv":[0,0,1,1],"texture":"#all","cullface":"down"}}},{"from":[15,0,15],"to":[16,16,16],"faces":{"north":{"uv":[0,0,1,16],"texture":"#all"},"east":{"uv":[0,0,1,16],"texture":"#all","cullface":"east"},"south":{"uv":[15,0,16,16],"texture":"#all","cullface":"south"},"west":{"uv":[15,0,16,16],"texture":"#all"},"up":{"uv":[15,15,16,16],"texture":"#all","cullface":"up"},"down":{"uv":[15,0,16,1],"texture":"#all","cullface":"down"}}},{"from":[15,0,1],"to":[16,1,15],"faces":{"east":{"uv":[1,15,15,16],"texture":"#all","cullface":"east"},"west":{"uv":[15,1,16,15],"texture":"#all","rotation":90},"up":{"uv":[1,15,15,16],"texture":"#all","rotation":270},"down":{"uv":[15,1,16,15],"texture":"#all","cullface":"down"}}},{"from":[15,15,1],"to":[16,16,15],"faces":{"east":{"uv":[1,0,15,1],"texture":"#all","cullface":"east"},"west":{"uv":[15,1,16,15],"texture":"#all","rotation":270},"up":{"uv":[15,1,16,15],"texture":"#all","cullface":"up"},"down":{"uv":[1,0,15,1],"texture":"#all","rotation":90}}},{"from":[1,0,0],"to":[15,1,1],"faces":{"north":{"uv":[1,15,15,16],"texture":"#all","cullface":"north"},"south":{"uv":[1,15,15,16],"texture":"#all"},"up":{"uv":[1,15,15,16],"texture":"#all","rotation":180},"down":{"uv":[1,15,15,16],"texture":"#all","cullface":"down"}}},{"from":[1,15,0],"to":[15,16,1],"faces":{"north":{"uv":[1,0,15,1],"texture":"#all","cullface":"north"},"south":{"uv":[1,0,15,1],"texture":"#all"},"up":{"uv":[1,0,15,1],"texture":"#all","cullface":"up"},"down":{"uv":[1,0,15,1],"texture":"#all","rotation":180}}},{"from":[0,15,1],"to":[1,16,15],"faces":{"east":{"uv":[0,1,1,15],"texture":"#all","rotation":90},"west":{"uv":[1,0,15,1],"texture":"#all","cullface":"west"},"up":{"uv":[0,1,1,15],"texture":"#all","cullface":"up"},"down":{"uv":[1,0,15,1],"texture":"#all","rotation":270}}},{"from":[0,0,1],"to":[1,1,15],"faces":{"east":{"uv":[0,1,1,15],"texture":"#all","rotation":270},"west":{"uv":[1,15,15,16],"texture":"#all","cullface":"west"},"up":{"uv":[1,15,15,16],"texture":"#all","rotation":90},"down":{"uv":[0,1,1,15],"texture":"#all","cullface":"down"}}},{"from":[1,15,15],"to":[15,16,16],"faces":{"north":{"uv":[1,0,15,1],"texture":"#all","rotation":180},"south":{"uv":[1,0,15,1],"texture":"#all","cullface":"south"},"up":{"uv":[1,15,15,16],"texture":"#all","cullface":"up"},"down":{"uv":[1,0,15,1],"texture":"#all"}}},{"from":[1,0,15],"to":[15,1,16],"faces":{"north":{"uv":[1,15,15,16],"texture":"#all","rotation":180},"south":{"uv":[1,15,15,16],"texture":"#all","cullface":"south"},"up":{"uv":[1,15,15,16],"texture":"#all"},"down":{"uv":[1,0,15,1],"texture":"#all","cullface":"down"}}},{"from":[13,1,0],"to":[14,15,1],"faces":{"north":{"uv":[2,1,3,15],"texture":"#all","cullface":"north"},"east":{"uv":[2,1,3,15],"texture":"#all","cullface":"north"},"south":{"uv":[3,1,2,15],"texture":"#all","cullface":"north"},"west":{"uv":[2,1,3,15],"texture":"#all","cullface":"north"}}},{"from":[14,2,0],"to":[15,3,1],"faces":{"north":{"uv":[1,13,2,14],"texture":"#all","cullface":"north"},"south":{"uv":[2,13,1,14],"texture":"#all","cullface":"north"},"up":{"uv":[1,13,2,14],"texture":"#all","cullface":"north","rotation":180},"down":{"uv":[1,13,2,14],"texture":"#all","cullface":"north","rotation":180}}},{"from":[10,2,0],"to":[11,3,1],"faces":{"north":{"uv":[5,13,6,14],"texture":"#all","cullface":"north"},"east":{"uv":[5,13,6,14],"texture":"#all","cullface":"north"},"south":{"uv":[6,13,5,14],"texture":"#all","cullface":"north"},"up":{"uv":[5,13,6,14],"texture":"#all","cullface":"north","rotation":180},"down":{"uv":[5,13,6,14],"texture":"#all","cullface":"north","rotation":180}}},{"from":[5,2,0],"to":[6,3,1],"faces":{"north":{"uv":[10,13,11,14],"texture":"#all","cullface":"north"},"south":{"uv":[11,13,10,14],"texture":"#all","cullface":"north"},"west":{"uv":[10,13,11,14],"texture":"#all","cullface":"north"},"up":{"uv":[10,13,11,14],"texture":"#all","cullface":"north","rotation":180},"down":{"uv":[14,13,15,14],"texture":"#all","cullface":"north","rotation":180}}},{"from":[1,2,0],"to":[2,3,1],"faces":{"north":{"uv":[14,13,15,14],"texture":"#all","cullface":"north"},"south":{"uv":[15,13,14,14],"texture":"#all","cullface":"north"},"up":{"uv":[14,13,15,14],"texture":"#all","cullface":"north","rotation":180},"down":{"uv":[14,13,15,14],"texture":"#all","cullface":"north","rotation":180}}},{"from":[1,4,0],"to":[15,5,1],"faces":{"north":{"uv":[1,11,15,12],"texture":"#all","cullface":"north"},"south":{"uv":[15,11,1,12],"texture":"#all","cullface":"north"},"up":{"uv":[1,11,15,12],"texture":"#all","cullface":"north","rotation":180},"down":{"uv":[1,11,15,12],"texture":"#all","cullface":"north","rotation":180}}},{"from":[1,8,0],"to":[15,9,1],"faces":{"north":{"uv":[1,7,15,8],"texture":"#all","cullface":"north"},"south":{"uv":[15,7,1,8],"texture":"#all","cullface":"north"},"up":{"uv":[1,7,15,8],"texture":"#all","cullface":"north","rotation":180},"down":{"uv":[1,7,15,8],"texture":"#all","cullface":"north","rotation":180}}},{"from":[1,12,0],"to":[15,13,1],"faces":{"north":{"uv":[1,3,15,4],"texture":"#all","cullface":"north"},"south":{"uv":[15,3,1,4],"texture":"#all","cullface":"north"},"up":{"uv":[1,3,15,4],"texture":"#all","cullface":"north","rotation":180},"down":{"uv":[1,3,15,4],"texture":"#all","cullface":"north","rotation":180}}},{"from":[5,6,0],"to":[11,10,1],"faces":{"north":{"uv":[5,6,11,10],"texture":"#all","cullface":"north"},"east":{"uv":[5,6,6,10],"texture":"#all","cullface":"north"},"south":{"uv":[11,6,5,10],"texture":"#all","cullface":"north"},"west":{"uv":[10,6,11,10],"texture":"#all","cullface":"north"},"up":{"uv":[5,6,11,7],"texture":"#all","cullface":"north","rotation":180},"down":{"uv":[5,9,11,10],"texture":"#all","cullface":"north","rotation":180}}},{"from":[7,5,0],"to":[9,6,1],"faces":{"north":{"uv":[7,10,9,11],"texture":"#all","cullface":"north"},"south":{"uv":[9,10,7,11],"texture":"#all","cullface":"north"}}},{"from":[12,6,0],"to":[13,7,1],"faces":{"north":{"uv":[3,9,4,10],"texture":"#all","cullface":"north"},"south":{"uv":[4,9,3,10],"texture":"#all","cullface":"north"},"west":{"uv":[3,9,4,10],"texture":"#all","cullface":"north"},"up":{"uv":[3,9,4,10],"texture":"#all","cullface":"north","rotation":180},"down":{"uv":[3,9,4,10],"texture":"#all","cullface":"north","rotation":180}}},{"from":[3,6,0],"to":[4,7,1],"faces":{"north":{"uv":[12,9,13,10],"texture":"#all","cullface":"north"},"east":{"uv":[12,9,13,10],"texture":"#all","cullface":"north"},"south":{"uv":[13,9,12,10],"texture":"#all","cullface":"north"},"up":{"uv":[12,9,13,10],"texture":"#all","cullface":"north","rotation":180},"down":{"uv":[12,9,13,10],"texture":"#all","cullface":"north","rotation":180}}},{"from":[1,10,0],"to":[4,12,1],"faces":{"north":{"uv":[12,4,15,6],"texture":"#all","cullface":"north"},"east":{"uv":[12,4,13,6],"texture":"#all","cullface":"north"},"south":{"uv":[15,4,12,6],"texture":"#all","cullface":"north"},"down":{"uv":[12,5,15,6],"texture":"#all","cullface":"north","rotation":180}}},{"from":[12,10,0],"to":[15,12,1],"faces":{"north":{"uv":[1,4,4,6],"texture":"#all","cullface":"north"},"south":{"uv":[4,4,1,6],"texture":"#all","cullface":"north"},"west":{"uv":[3,4,4,6],"texture":"#all","cullface":"north"},"down":{"uv":[1,5,4,6],"texture":"#all","cullface":"north","rotation":180}}},{"from":[10,14,0],"to":[11,15,1],"faces":{"north":{"uv":[5,1,6,2],"texture":"#all","cullface":"north"},"east":{"uv":[5,1,6,2],"texture":"#all","cullface":"north"},"south":{"uv":[6,1,5,2],"texture":"#all","cullface":"north"},"down":{"uv":[5,1,6,2],"texture":"#all","cullface":"north","rotation":180}}},{"from":[5,14,0],"to":[6,15,1],"faces":{"north":{"uv":[10,1,11,2],"texture":"#all","cullface":"north"},"south":{"uv":[11,1,10,2],"texture":"#all","cullface":"north"},"west":{"uv":[10,1,11,2],"texture":"#all","cullface":"north"},"down":{"uv":[10,1,11,2],"texture":"#all","cullface":"north","rotation":180}}},{"from":[9,1,0],"to":[10,15,1],"faces":{"north":{"uv":[6,1,7,15],"texture":"#all","cullface":"north"},"east":{"uv":[6,1,7,15],"texture":"#all","cullface":"north"},"south":{"uv":[7,1,6,15],"texture":"#all","cullface":"north"},"west":{"uv":[6,1,7,15],"texture":"#all","cullface":"north"}}},{"from":[6,1,0],"to":[7,15,1],"faces":{"north":{"uv":[9,1,10,15],"texture":"#all","cullface":"north"},"east":{"uv":[9,1,10,15],"texture":"#all","cullface":"north"},"south":{"uv":[10,1,9,15],"texture":"#all","cullface":"north"},"west":{"uv":[9,1,10,15],"texture":"#all","cullface":"north"}}},{"from":[2,1,0],"to":[3,15,1],"faces":{"north":{"uv":[13,1,14,15],"texture":"#all","cullface":"north"},"east":{"uv":[13,1,14,15],"texture":"#all","cullface":"north"},"south":{"uv":[14,1,13,15],"texture":"#all","cullface":"north"},"west":{"uv":[13,1,14,15],"texture":"#all","cullface":"north"}}},{"from":[15,1,13],"to":[16,15,14],"faces":{"north":{"uv":[2,1,3,15],"texture":"#all","cullface":"east"},"east":{"uv":[2,1,3,15],"texture":"#all","cullface":"east"},"south":{"uv":[2,1,3,15],"texture":"#all","cullface":"east"},"west":{"uv":[3,1,2,15],"texture":"#all","cullface":"east"}}},{"from":[15,2,14],"to":[16,3,15],"faces":{"east":{"uv":[1,13,2,14],"texture":"#all","cullface":"east"},"west":{"uv":[2,13,1,14],"texture":"#all","cullface":"east"},"up":{"uv":[1,13,2,14],"texture":"#all","cullface":"east","rotation":270},"down":{"uv":[1,13,2,14],"texture":"#all","cullface":"east","rotation":90}}},{"from":[15,2,10],"to":[16,3,11],"faces":{"east":{"uv":[5,13,6,14],"texture":"#all","cullface":"east"},"south":{"uv":[5,13,6,14],"texture":"#all","cullface":"east"},"west":{"uv":[6,13,5,14],"texture":"#all","cullface":"east"},"up":{"uv":[5,13,6,14],"texture":"#all","cullface":"east","rotation":270},"down":{"uv":[5,13,6,14],"texture":"#all","cullface":"east","rotation":90}}},{"from":[15,2,5],"to":[16,3,6],"faces":{"north":{"uv":[10,13,11,14],"texture":"#all","cullface":"east"},"east":{"uv":[10,13,11,14],"texture":"#all","cullface":"east"},"west":{"uv":[11,13,10,14],"texture":"#all","cullface":"east"},"up":{"uv":[10,13,11,14],"texture":"#all","cullface":"east","rotation":270},"down":{"uv":[14,13,15,14],"texture":"#all","cullface":"east","rotation":90}}},{"from":[15,2,1],"to":[16,3,2],"faces":{"east":{"uv":[14,13,15,14],"texture":"#all","cullface":"east"},"west":{"uv":[15,13,14,14],"texture":"#all","cullface":"east"},"up":{"uv":[14,13,15,14],"texture":"#all","cullface":"east","rotation":270},"down":{"uv":[14,13,15,14],"texture":"#all","cullface":"east","rotation":90}}},{"from":[15,4,1],"to":[16,5,15],"faces":{"east":{"uv":[1,11,15,12],"texture":"#all","cullface":"east"},"west":{"uv":[15,11,1,12],"texture":"#all","cullface":"east"},"up":{"uv":[1,11,15,12],"texture":"#all","cullface":"east","rotation":270},"down":{"uv":[1,11,15,12],"texture":"#all","cullface":"east","rotation":90}}},{"from":[15,8,1],"to":[16,9,15],"faces":{"east":{"uv":[1,7,15,8],"texture":"#all","cullface":"east"},"west":{"uv":[15,7,1,8],"texture":"#all","cullface":"east"},"up":{"uv":[1,7,15,8],"texture":"#all","cullface":"east","rotation":270},"down":{"uv":[1,7,15,8],"texture":"#all","cullface":"east","rotation":90}}},{"from":[15,12,1],"to":[16,13,15],"faces":{"east":{"uv":[1,3,15,4],"texture":"#all","cullface":"east"},"west":{"uv":[15,3,1,4],"texture":"#all","cullface":"east"},"up":{"uv":[1,3,15,4],"texture":"#all","cullface":"east","rotation":270},"down":{"uv":[1,3,15,4],"texture":"#all","cullface":"east","rotation":90}}},{"from":[15,6,5],"to":[16,10,11],"faces":{"north":{"uv":[10,6,11,10],"texture":"#all","cullface":"east"},"east":{"uv":[5,6,11,10],"texture":"#all","cullface":"east"},"south":{"uv":[5,6,6,10],"texture":"#all","cullface":"east"},"west":{"uv":[11,6,5,10],"texture":"#all","cullface":"east"},"up":{"uv":[5,6,11,7],"texture":"#all","cullface":"east","rotation":270},"down":{"uv":[5,9,11,10],"texture":"#all","cullface":"east","rotation":90}}},{"from":[15,5,7],"to":[16,6,9],"faces":{"east":{"uv":[7,10,9,11],"texture":"#all","cullface":"east"},"west":{"uv":[9,10,7,11],"texture":"#all","cullface":"east"}}},{"from":[15,6,12],"to":[16,7,13],"faces":{"north":{"uv":[3,9,4,10],"texture":"#all","cullface":"east"},"east":{"uv":[3,9,4,10],"texture":"#all","cullface":"east"},"west":{"uv":[4,9,3,10],"texture":"#all","cullface":"east"},"up":{"uv":[3,9,4,10],"texture":"#all","cullface":"east","rotation":270},"down":{"uv":[3,9,4,10],"texture":"#all","cullface":"east","rotation":90}}},{"from":[15,6,3],"to":[16,7,4],"faces":{"east":{"uv":[12,9,13,10],"texture":"#all","cullface":"east"},"south":{"uv":[12,9,13,10],"texture":"#all","cullface":"east"},"west":{"uv":[13,9,12,10],"texture":"#all","cullface":"east"},"up":{"uv":[12,9,13,10],"texture":"#all","cullface":"east","rotation":270},"down":{"uv":[12,9,13,10],"texture":"#all","cullface":"east","rotation":90}}},{"from":[15,10,1],"to":[16,12,4],"faces":{"east":{"uv":[12,4,15,6],"texture":"#all","cullface":"east"},"south":{"uv":[12,4,13,6],"texture":"#all","cullface":"east"},"west":{"uv":[15,4,12,6],"texture":"#all","cullface":"east"},"down":{"uv":[12,5,15,6],"texture":"#all","cullface":"east","rotation":90}}},{"from":[15,10,12],"to":[16,12,15],"faces":{"north":{"uv":[3,4,4,6],"texture":"#all","cullface":"east"},"east":{"uv":[1,4,4,6],"texture":"#all","cullface":"east"},"west":{"uv":[4,4,1,6],"texture":"#all","cullface":"east"},"down":{"uv":[1,5,4,6],"texture":"#all","cullface":"east","rotation":90}}},{"from":[15,14,10],"to":[16,15,11],"faces":{"east":{"uv":[5,1,6,2],"texture":"#all","cullface":"east"},"south":{"uv":[5,1,6,2],"texture":"#all","cullface":"east"},"west":{"uv":[6,1,5,2],"texture":"#all","cullface":"east"},"down":{"uv":[5,1,6,2],"texture":"#all","cullface":"east","rotation":90}}},{"from":[15,14,5],"to":[16,15,6],"faces":{"north":{"uv":[10,1,11,2],"texture":"#all","cullface":"east"},"east":{"uv":[10,1,11,2],"texture":"#all","cullface":"east"},"west":{"uv":[11,1,10,2],"texture":"#all","cullface":"east"},"down":{"uv":[10,1,11,2],"texture":"#all","cullface":"east","rotation":90}}},{"from":[15,1,9],"to":[16,15,10],"faces":{"north":{"uv":[6,1,7,15],"texture":"#all","cullface":"east"},"east":{"uv":[6,1,7,15],"texture":"#all","cullface":"east"},"south":{"uv":[6,1,7,15],"texture":"#all","cullface":"east"},"west":{"uv":[7,1,6,15],"texture":"#all","cullface":"east"}}},{"from":[15,1,6],"to":[16,15,7],"faces":{"north":{"uv":[9,1,10,15],"texture":"#all","cullface":"east"},"east":{"uv":[9,1,10,15],"texture":"#all","cullface":"east"},"south":{"uv":[9,1,10,15],"texture":"#all","cullface":"east"},"west":{"uv":[10,1,9,15],"texture":"#all","cullface":"east"}}},{"from":[15,1,2],"to":[16,15,3],"faces":{"north":{"uv":[13,1,14,15],"texture":"#all","cullface":"east"},"east":{"uv":[13,1,14,15],"texture":"#all","cullface":"east"},"south":{"uv":[13,1,14,15],"texture":"#all","cullface":"east"},"west":{"uv":[14,1,13,15],"texture":"#all","cullface":"east"}}},{"from":[2,1,15],"to":[3,15,16],"faces":{"north":{"uv":[3,1,2,15],"texture":"#all","cullface":"south"},"east":{"uv":[2,1,3,15],"texture":"#all","cullface":"south"},"south":{"uv":[2,1,3,15],"texture":"#all","cullface":"south"},"west":{"uv":[2,1,3,15],"texture":"#all","cullface":"south"}}},{"from":[1,2,15],"to":[2,3,16],"faces":{"north":{"uv":[2,13,1,14],"texture":"#all","cullface":"south"},"south":{"uv":[1,13,2,14],"texture":"#all","cullface":"south"},"up":{"uv":[1,13,2,14],"texture":"#all","cullface":"south"},"down":{"uv":[1,13,2,14],"texture":"#all","cullface":"south"}}},{"from":[5,2,15],"to":[6,3,16],"faces":{"north":{"uv":[6,13,5,14],"texture":"#all","cullface":"south"},"south":{"uv":[5,13,6,14],"texture":"#all","cullface":"south"},"west":{"uv":[5,13,6,14],"texture":"#all","cullface":"south"},"up":{"uv":[5,13,6,14],"texture":"#all","cullface":"south"},"down":{"uv":[5,13,6,14],"texture":"#all","cullface":"south"}}},{"from":[10,2,15],"to":[11,3,16],"faces":{"north":{"uv":[11,13,10,14],"texture":"#all","cullface":"south"},"east":{"uv":[10,13,11,14],"texture":"#all","cullface":"south"},"south":{"uv":[10,13,11,14],"texture":"#all","cullface":"south"},"up":{"uv":[10,13,11,14],"texture":"#all","cullface":"south"},"down":{"uv":[14,13,15,14],"texture":"#all","cullface":"south"}}},{"from":[14,2,15],"to":[15,3,16],"faces":{"north":{"uv":[15,13,14,14],"texture":"#all","cullface":"south"},"south":{"uv":[14,13,15,14],"texture":"#all","cullface":"south"},"up":{"uv":[14,13,15,14],"texture":"#all","cullface":"south"},"down":{"uv":[14,13,15,14],"texture":"#all","cullface":"south"}}},{"from":[1,4,15],"to":[15,5,16],"faces":{"north":{"uv":[15,11,1,12],"texture":"#all","cullface":"south"},"south":{"uv":[1,11,15,12],"texture":"#all","cullface":"south"},"up":{"uv":[1,11,15,12],"texture":"#all","cullface":"south"},"down":{"uv":[1,11,15,12],"texture":"#all","cullface":"south"}}},{"from":[1,8,15],"to":[15,9,16],"faces":{"north":{"uv":[15,7,1,8],"texture":"#all","cullface":"south"},"south":{"uv":[1,7,15,8],"texture":"#all","cullface":"south"},"up":{"uv":[1,7,15,8],"texture":"#all","cullface":"south"},"down":{"uv":[1,7,15,8],"texture":"#all","cullface":"south"}}},{"from":[1,12,15],"to":[15,13,16],"faces":{"north":{"uv":[15,3,1,4],"texture":"#all","cullface":"south"},"south":{"uv":[1,3,15,4],"texture":"#all","cullface":"south"},"up":{"uv":[1,3,15,4],"texture":"#all","cullface":"south"},"down":{"uv":[1,3,15,4],"texture":"#all","cullface":"south"}}},{"from":[5,6,15],"to":[11,10,16],"faces":{"north":{"uv":[11,6,5,10],"texture":"#all","cullface":"south"},"east":{"uv":[10,6,11,10],"texture":"#all","cullface":"south"},"south":{"uv":[5,6,11,10],"texture":"#all","cullface":"south"},"west":{"uv":[5,6,6,10],"texture":"#all","cullface":"south"},"up":{"uv":[5,6,11,7],"texture":"#all","cullface":"south"},"down":{"uv":[5,9,11,10],"texture":"#all","cullface":"south"}}},{"from":[7,5,15],"to":[9,6,16],"faces":{"north":{"uv":[9,10,7,11],"texture":"#all","cullface":"south"},"south":{"uv":[7,10,9,11],"texture":"#all","cullface":"south"}}},{"from":[3,6,15],"to":[4,7,16],"faces":{"north":{"uv":[4,9,3,10],"texture":"#all","cullface":"south"},"east":{"uv":[3,9,4,10],"texture":"#all","cullface":"south"},"south":{"uv":[3,9,4,10],"texture":"#all","cullface":"south"},"up":{"uv":[3,9,4,10],"texture":"#all","cullface":"south"},"down":{"uv":[3,9,4,10],"texture":"#all","cullface":"south"}}},{"from":[12,6,15],"to":[13,7,16],"faces":{"north":{"uv":[13,9,12,10],"texture":"#all","cullface":"south"},"south":{"uv":[12,9,13,10],"texture":"#all","cullface":"south"},"west":{"uv":[12,9,13,10],"texture":"#all","cullface":"south"},"up":{"uv":[12,9,13,10],"texture":"#all","cullface":"south"},"down":{"uv":[12,9,13,10],"texture":"#all","cullface":"south"}}},{"from":[12,10,15],"to":[15,12,16],"faces":{"north":{"uv":[15,4,12,6],"texture":"#all","cullface":"south"},"south":{"uv":[12,4,15,6],"texture":"#all","cullface":"south"},"west":{"uv":[12,4,13,6],"texture":"#all","cullface":"south"},"down":{"uv":[12,5,15,6],"texture":"#all","cullface":"south"}}},{"from":[1,10,15],"to":[4,12,16],"faces":{"north":{"uv":[4,4,1,6],"texture":"#all","cullface":"south"},"east":{"uv":[3,4,4,6],"texture":"#all","cullface":"south"},"south":{"uv":[1,4,4,6],"texture":"#all","cullface":"south"},"down":{"uv":[1,5,4,6],"texture":"#all","cullface":"south"}}},{"from":[5,14,15],"to":[6,15,16],"faces":{"north":{"uv":[6,1,5,2],"texture":"#all","cullface":"south"},"south":{"uv":[5,1,6,2],"texture":"#all","cullface":"south"},"west":{"uv":[5,1,6,2],"texture":"#all","cullface":"south"},"down":{"uv":[5,1,6,2],"texture":"#all","cullface":"south"}}},{"from":[10,14,15],"to":[11,15,16],"faces":{"north":{"uv":[11,1,10,2],"texture":"#all","cullface":"south"},"east":{"uv":[10,1,11,2],"texture":"#all","cullface":"south"},"south":{"uv":[10,1,11,2],"texture":"#all","cullface":"south"},"down":{"uv":[10,1,11,2],"texture":"#all","cullface":"south"}}},{"from":[6,1,15],"to":[7,15,16],"faces":{"north":{"uv":[7,1,6,15],"texture":"#all","cullface":"south"},"east":{"uv":[6,1,7,15],"texture":"#all","cullface":"south"},"south":{"uv":[6,1,7,15],"texture":"#all","cullface":"south"},"west":{"uv":[6,1,7,15],"texture":"#all","cullface":"south"}}},{"from":[9,1,15],"to":[10,15,16],"faces":{"north":{"uv":[10,1,9,15],"texture":"#all","cullface":"south"},"east":{"uv":[9,1,10,15],"texture":"#all","cullface":"south"},"south":{"uv":[9,1,10,15],"texture":"#all","cullface":"south"},"west":{"uv":[9,1,10,15],"texture":"#all","cullface":"south"}}},{"from":[13,1,15],"to":[14,15,16],"faces":{"north":{"uv":[14,1,13,15],"texture":"#all","cullface":"south"},"east":{"uv":[13,1,14,15],"texture":"#all","cullface":"south"},"south":{"uv":[13,1,14,15],"texture":"#all","cullface":"south"},"west":{"uv":[13,1,14,15],"texture":"#all","cullface":"south"}}},{"from":[0,1,2],"to":[1,15,3],"faces":{"north":{"uv":[2,1,3,15],"texture":"#all","cullface":"west"},"east":{"uv":[3,1,2,15],"texture":"#all","cullface":"west"},"south":{"uv":[2,1,3,15],"texture":"#all","cullface":"west"},"west":{"uv":[2,1,3,15],"texture":"#all","cullface":"west"}}},{"from":[0,2,1],"to":[1,3,2],"faces":{"east":{"uv":[2,13,1,14],"texture":"#all","cullface":"west"},"west":{"uv":[1,13,2,14],"texture":"#all","cullface":"west"},"up":{"uv":[1,13,2,14],"texture":"#all","cullface":"west","rotation":90},"down":{"uv":[1,13,2,14],"texture":"#all","cullface":"west","rotation":270}}},{"from":[0,2,5],"to":[1,3,6],"faces":{"north":{"uv":[5,13,6,14],"texture":"#all","cullface":"west"},"east":{"uv":[6,13,5,14],"texture":"#all","cullface":"west"},"west":{"uv":[5,13,6,14],"texture":"#all","cullface":"west"},"up":{"uv":[5,13,6,14],"texture":"#all","cullface":"west","rotation":90},"down":{"uv":[5,13,6,14],"texture":"#all","cullface":"west","rotation":270}}},{"from":[0,2,10],"to":[1,3,11],"faces":{"east":{"uv":[11,13,10,14],"texture":"#all","cullface":"west"},"south":{"uv":[10,13,11,14],"texture":"#all","cullface":"west"},"west":{"uv":[10,13,11,14],"texture":"#all","cullface":"west"},"up":{"uv":[10,13,11,14],"texture":"#all","cullface":"west","rotation":90},"down":{"uv":[14,13,15,14],"texture":"#all","cullface":"west","rotation":270}}},{"from":[0,2,14],"to":[1,3,15],"faces":{"east":{"uv":[15,13,14,14],"texture":"#all","cullface":"west"},"west":{"uv":[14,13,15,14],"texture":"#all","cullface":"west"},"up":{"uv":[14,13,15,14],"texture":"#all","cullface":"west","rotation":90},"down":{"uv":[14,13,15,14],"texture":"#all","cullface":"west","rotation":270}}},{"from":[0,4,1],"to":[1,5,15],"faces":{"east":{"uv":[15,11,1,12],"texture":"#all","cullface":"west"},"west":{"uv":[1,11,15,12],"texture":"#all","cullface":"west"},"up":{"uv":[1,11,15,12],"texture":"#all","cullface":"west","rotation":90},"down":{"uv":[1,11,15,12],"texture":"#all","cullface":"west","rotation":270}}},{"from":[0,8,1],"to":[1,9,15],"faces":{"east":{"uv":[15,7,1,8],"texture":"#all","cullface":"west"},"west":{"uv":[1,7,15,8],"texture":"#all","cullface":"west"},"up":{"uv":[1,7,15,8],"texture":"#all","cullface":"west","rotation":90},"down":{"uv":[1,7,15,8],"texture":"#all","cullface":"west","rotation":270}}},{"from":[0,12,1],"to":[1,13,15],"faces":{"east":{"uv":[15,3,1,4],"texture":"#all","cullface":"west"},"west":{"uv":[1,3,15,4],"texture":"#all","cullface":"west"},"up":{"uv":[1,3,15,4],"texture":"#all","cullface":"west","rotation":90},"down":{"uv":[1,3,15,4],"texture":"#all","cullface":"west","rotation":270}}},{"from":[0,6,5],"to":[1,10,11],"faces":{"north":{"uv":[5,6,6,10],"texture":"#all","cullface":"west"},"east":{"uv":[11,6,5,10],"texture":"#all","cullface":"west"},"south":{"uv":[10,6,11,10],"texture":"#all","cullface":"west"},"west":{"uv":[5,6,11,10],"texture":"#all","cullface":"west"},"up":{"uv":[5,6,11,7],"texture":"#all","cullface":"west","rotation":90},"down":{"uv":[5,9,11,10],"texture":"#all","cullface":"west","rotation":270}}},{"from":[0,5,7],"to":[1,6,9],"faces":{"east":{"uv":[9,10,7,11],"texture":"#all","cullface":"west"},"west":{"uv":[7,10,9,11],"texture":"#all","cullface":"west"}}},{"from":[0,6,3],"to":[1,7,4],"faces":{"east":{"uv":[4,9,3,10],"texture":"#all","cullface":"west"},"south":{"uv":[3,9,4,10],"texture":"#all","cullface":"west"},"west":{"uv":[3,9,4,10],"texture":"#all","cullface":"west"},"up":{"uv":[3,9,4,10],"texture":"#all","cullface":"west","rotation":90},"down":{"uv":[3,9,4,10],"texture":"#all","cullface":"west","rotation":270}}},{"from":[0,6,12],"to":[1,7,13],"faces":{"north":{"uv":[12,9,13,10],"texture":"#all","cullface":"west"},"east":{"uv":[13,9,12,10],"texture":"#all","cullface":"west"},"west":{"uv":[12,9,13,10],"texture":"#all","cullface":"west"},"up":{"uv":[12,9,13,10],"texture":"#all","cullface":"west","rotation":90},"down":{"uv":[12,9,13,10],"texture":"#all","cullface":"west","rotation":270}}},{"from":[0,10,12],"to":[1,12,15],"faces":{"north":{"uv":[12,4,13,6],"texture":"#all","cullface":"west"},"east":{"uv":[15,4,12,6],"texture":"#all","cullface":"west"},"west":{"uv":[12,4,15,6],"texture":"#all","cullface":"west"},"down":{"uv":[12,5,15,6],"texture":"#all","cullface":"west","rotation":270}}},{"from":[0,10,1],"to":[1,12,4],"faces":{"east":{"uv":[4,4,1,6],"texture":"#all","cullface":"west"},"south":{"uv":[3,4,4,6],"texture":"#all","cullface":"west"},"west":{"uv":[1,4,4,6],"texture":"#all","cullface":"west"},"down":{"uv":[1,5,4,6],"texture":"#all","cullface":"west","rotation":270}}},{"from":[0,14,5],"to":[1,15,6],"faces":{"north":{"uv":[5,1,6,2],"texture":"#all","cullface":"west"},"east":{"uv":[6,1,5,2],"texture":"#all","cullface":"west"},"west":{"uv":[5,1,6,2],"texture":"#all","cullface":"west"},"down":{"uv":[5,1,6,2],"texture":"#all","cullface":"west","rotation":270}}},{"from":[0,14,10],"to":[1,15,11],"faces":{"east":{"uv":[11,1,10,2],"texture":"#all","cullface":"west"},"south":{"uv":[10,1,11,2],"texture":"#all","cullface":"west"},"west":{"uv":[10,1,11,2],"texture":"#all","cullface":"west"},"down":{"uv":[10,1,11,2],"texture":"#all","cullface":"west","rotation":270}}},{"from":[0,1,6],"to":[1,15,7],"faces":{"north":{"uv":[6,1,7,15],"texture":"#all","cullface":"west"},"east":{"uv":[7,1,6,15],"texture":"#all","cullface":"west"},"south":{"uv":[6,1,7,15],"texture":"#all","cullface":"west"},"west":{"uv":[6,1,7,15],"texture":"#all","cullface":"west"}}},{"from":[0,1,9],"to":[1,15,10],"faces":{"north":{"uv":[9,1,10,15],"texture":"#all","cullface":"west"},"east":{"uv":[10,1,9,15],"texture":"#all","cullface":"west"},"south":{"uv":[9,1,10,15],"texture":"#all","cullface":"west"},"west":{"uv":[9,1,10,15],"texture":"#all","cullface":"west"}}},{"from":[0,1,13],"to":[1,15,14],"faces":{"north":{"uv":[13,1,14,15],"texture":"#all","cullface":"west"},"east":{"uv":[14,1,13,15],"texture":"#all","cullface":"west"},"south":{"uv":[13,1,14,15],"texture":"#all","cullface":"west"},"west":{"uv":[13,1,14,15],"texture":"#all","cullface":"west"}}},{"from":[2,15,1],"to":[3,16,15],"faces":{"east":{"uv":[2,1,3,15],"texture":"#all","cullface":"up","rotation":90},"west":{"uv":[2,1,3,15],"texture":"#all","cullface":"up","rotation":270},"up":{"uv":[2,1,3,15],"texture":"#all","cullface":"up"},"down":{"uv":[3,1,2,15],"texture":"#all","cullface":"up","rotation":180}}},{"from":[1,15,13],"to":[2,16,14],"faces":{"north":{"uv":[1,13,2,14],"texture":"#all","cullface":"up","rotation":180},"south":{"uv":[1,13,2,14],"texture":"#all","cullface":"up"},"up":{"uv":[1,13,2,14],"texture":"#all","cullface":"up"},"down":{"uv":[2,13,1,14],"texture":"#all","cullface":"up","rotation":180}}},{"from":[5,15,13],"to":[6,16,14],"faces":{"north":{"uv":[5,13,6,14],"texture":"#all","cullface":"up","rotation":180},"south":{"uv":[5,13,6,14],"texture":"#all","cullface":"up"},"west":{"uv":[5,13,6,14],"texture":"#all","cullface":"up","rotation":270},"up":{"uv":[5,13,6,14],"texture":"#all","cullface":"up"},"down":{"uv":[6,13,5,14],"texture":"#all","cullface":"up","rotation":180}}},{"from":[10,15,13],"to":[11,16,14],"faces":{"north":{"uv":[10,13,11,14],"texture":"#all","cullface":"up","rotation":180},"east":{"uv":[10,13,11,14],"texture":"#all","cullface":"up","rotation":90},"south":{"uv":[14,13,15,14],"texture":"#all","cullface":"up"},"up":{"uv":[10,13,11,14],"texture":"#all","cullface":"up"},"down":{"uv":[11,13,10,14],"texture":"#all","cullface":"up","rotation":180}}},{"from":[14,15,13],"to":[15,16,14],"faces":{"north":{"uv":[14,13,15,14],"texture":"#all","cullface":"up","rotation":180},"south":{"uv":[14,13,15,14],"texture":"#all","cullface":"up"},"up":{"uv":[14,13,15,14],"texture":"#all","cullface":"up"},"down":{"uv":[15,13,14,14],"texture":"#all","cullface":"up","rotation":180}}},{"from":[1,15,11],"to":[15,16,12],"faces":{"north":{"uv":[1,11,15,12],"texture":"#all","cullface":"up","rotation":180},"south":{"uv":[1,11,15,12],"texture":"#all","cullface":"up"},"up":{"uv":[1,11,15,12],"texture":"#all","cullface":"up"},"down":{"uv":[15,11,1,12],"texture":"#all","cullface":"up","rotation":180}}},{"from":[1,15,7],"to":[15,16,8],"faces":{"north":{"uv":[1,7,15,8],"texture":"#all","cullface":"up","rotation":180},"south":{"uv":[1,7,15,8],"texture":"#all","cullface":"up"},"up":{"uv":[1,7,15,8],"texture":"#all","cullface":"up"},"down":{"uv":[15,7,1,8],"texture":"#all","cullface":"up","rotation":180}}},{"from":[1,15,3],"to":[15,16,4],"faces":{"north":{"uv":[1,3,15,4],"texture":"#all","cullface":"up","rotation":180},"south":{"uv":[1,3,15,4],"texture":"#all","cullface":"up"},"up":{"uv":[1,3,15,4],"texture":"#all","cullface":"up"},"down":{"uv":[15,3,1,4],"texture":"#all","cullface":"up","rotation":180}}},{"from":[5,15,6],"to":[11,16,10],"faces":{"north":{"uv":[5,6,11,7],"texture":"#all","cullface":"up","rotation":180},"east":{"uv":[10,6,11,10],"texture":"#all","cullface":"up","rotation":90},"south":{"uv":[5,9,11,10],"texture":"#all","cullface":"up"},"west":{"uv":[5,6,6,10],"texture":"#all","cullface":"up","rotation":270},"up":{"uv":[5,6,11,10],"texture":"#all","cullface":"up"},"down":{"uv":[11,6,5,10],"texture":"#all","cullface":"up","rotation":180}}},{"from":[7,15,10],"to":[9,16,11],"faces":{"up":{"uv":[7,10,9,11],"texture":"#all","cullface":"up"},"down":{"uv":[9,10,7,11],"texture":"#all","cullface":"up","rotation":180}}},{"from":[3,15,9],"to":[4,16,10],"faces":{"north":{"uv":[3,9,4,10],"texture":"#all","cullface":"up","rotation":180},"east":{"uv":[3,9,4,10],"texture":"#all","cullface":"up","rotation":90},"south":{"uv":[3,9,4,10],"texture":"#all","cullface":"up"},"up":{"uv":[3,9,4,10],"texture":"#all","cullface":"up"},"down":{"uv":[4,9,3,10],"texture":"#all","cullface":"up","rotation":180}}},{"from":[12,15,9],"to":[13,16,10],"faces":{"north":{"uv":[12,9,13,10],"texture":"#all","cullface":"up","rotation":180},"south":{"uv":[12,9,13,10],"texture":"#all","cullface":"up"},"west":{"uv":[12,9,13,10],"texture":"#all","cullface":"up","rotation":270},"up":{"uv":[12,9,13,10],"texture":"#all","cullface":"up"},"down":{"uv":[13,9,12,10],"texture":"#all","cullface":"up","rotation":180}}},{"from":[12,15,4],"to":[15,16,6],"faces":{"south":{"uv":[12,5,15,6],"texture":"#all","cullface":"up"},"west":{"uv":[12,4,13,6],"texture":"#all","cullface":"up","rotation":270},"up":{"uv":[12,4,15,6],"texture":"#all","cullface":"up"},"down":{"uv":[15,4,12,6],"texture":"#all","cullface":"up","rotation":180}}},{"from":[1,15,4],"to":[4,16,6],"faces":{"east":{"uv":[3,4,4,6],"texture":"#all","cullface":"up","rotation":90},"south":{"uv":[1,5,4,6],"texture":"#all","cullface":"up"},"up":{"uv":[1,4,4,6],"texture":"#all","cullface":"up"},"down":{"uv":[4,4,1,6],"texture":"#all","cullface":"up","rotation":180}}},{"from":[5,15,1],"to":[6,16,2],"faces":{"south":{"uv":[5,1,6,2],"texture":"#all","cullface":"up"},"west":{"uv":[5,1,6,2],"texture":"#all","cullface":"up","rotation":270},"up":{"uv":[5,1,6,2],"texture":"#all","cullface":"up"},"down":{"uv":[6,1,5,2],"texture":"#all","cullface":"up","rotation":180}}},{"from":[10,15,1],"to":[11,16,2],"faces":{"east":{"uv":[10,1,11,2],"texture":"#all","cullface":"up","rotation":90},"south":{"uv":[10,1,11,2],"texture":"#all","cullface":"up"},"up":{"uv":[10,1,11,2],"texture":"#all","cullface":"up"},"down":{"uv":[11,1,10,2],"texture":"#all","cullface":"up","rotation":180}}},{"from":[6,15,1],"to":[7,16,15],"faces":{"east":{"uv":[6,1,7,15],"texture":"#all","cullface":"up","rotation":90},"west":{"uv":[6,1,7,15],"texture":"#all","cullface":"up","rotation":270},"up":{"uv":[6,1,7,15],"texture":"#all","cullface":"up"},"down":{"uv":[7,1,6,15],"texture":"#all","cullface":"up","rotation":180}}},{"from":[9,15,1],"to":[10,16,15],"faces":{"east":{"uv":[9,1,10,15],"texture":"#all","cullface":"up","rotation":90},"west":{"uv":[9,1,10,15],"texture":"#all","cullface":"up","rotation":270},"up":{"uv":[9,1,10,15],"texture":"#all","cullface":"up"},"down":{"uv":[10,1,9,15],"texture":"#all","cullface":"up","rotation":180}}},{"from":[13,15,1],"to":[14,16,15],"faces":{"east":{"uv":[13,1,14,15],"texture":"#all","cullface":"up","rotation":90},"west":{"uv":[13,1,14,15],"texture":"#all","cullface":"up","rotation":270},"up":{"uv":[13,1,14,15],"texture":"#all","cullface":"up"},"down":{"uv":[14,1,13,15],"texture":"#all","cullface":"up","rotation":180}}},{"from":[2,0,1],"to":[3,1,15],"faces":{"east":{"uv":[2,1,3,15],"texture":"#all","cullface":"down","rotation":270},"west":{"uv":[2,1,3,15],"texture":"#all","cullface":"down","rotation":90},"up":{"uv":[3,1,2,15],"texture":"#all","cullface":"down","rotation":180},"down":{"uv":[2,1,3,15],"texture":"#all","cullface":"down"}}},{"from":[1,0,2],"to":[2,1,3],"faces":{"north":{"uv":[1,13,2,14],"texture":"#all","cullface":"down","rotation":180},"south":{"uv":[1,13,2,14],"texture":"#all","cullface":"down"},"up":{"uv":[2,13,1,14],"texture":"#all","cullface":"down","rotation":180},"down":{"uv":[1,13,2,14],"texture":"#all","cullface":"down"}}},{"from":[5,0,2],"to":[6,1,3],"faces":{"north":{"uv":[5,13,6,14],"texture":"#all","cullface":"down","rotation":180},"south":{"uv":[5,13,6,14],"texture":"#all","cullface":"down"},"west":{"uv":[5,13,6,14],"texture":"#all","cullface":"down","rotation":90},"up":{"uv":[6,13,5,14],"texture":"#all","cullface":"down","rotation":180},"down":{"uv":[5,13,6,14],"texture":"#all","cullface":"down"}}},{"from":[10,0,2],"to":[11,1,3],"faces":{"north":{"uv":[14,13,15,14],"texture":"#all","cullface":"down","rotation":180},"east":{"uv":[10,13,11,14],"texture":"#all","cullface":"down","rotation":270},"south":{"uv":[10,13,11,14],"texture":"#all","cullface":"down"},"up":{"uv":[11,13,10,14],"texture":"#all","cullface":"down","rotation":180},"down":{"uv":[10,13,11,14],"texture":"#all","cullface":"down"}}},{"from":[14,0,2],"to":[15,1,3],"faces":{"north":{"uv":[14,13,15,14],"texture":"#all","cullface":"down","rotation":180},"south":{"uv":[14,13,15,14],"texture":"#all","cullface":"down"},"up":{"uv":[15,13,14,14],"texture":"#all","cullface":"down","rotation":180},"down":{"uv":[14,13,15,14],"texture":"#all","cullface":"down"}}},{"from":[1,0,4],"to":[15,1,5],"faces":{"north":{"uv":[1,11,15,12],"texture":"#all","cullface":"down","rotation":180},"south":{"uv":[1,11,15,12],"texture":"#all","cullface":"down"},"up":{"uv":[15,11,1,12],"texture":"#all","cullface":"down","rotation":180},"down":{"uv":[1,11,15,12],"texture":"#all","cullface":"down"}}},{"from":[1,0,8],"to":[15,1,9],"faces":{"north":{"uv":[1,7,15,8],"texture":"#all","cullface":"down","rotation":180},"south":{"uv":[1,7,15,8],"texture":"#all","cullface":"down"},"up":{"uv":[15,7,1,8],"texture":"#all","cullface":"down","rotation":180},"down":{"uv":[1,7,15,8],"texture":"#all","cullface":"down"}}},{"from":[1,0,12],"to":[15,1,13],"faces":{"north":{"uv":[1,3,15,4],"texture":"#all","cullface":"down","rotation":180},"south":{"uv":[1,3,15,4],"texture":"#all","cullface":"down"},"up":{"uv":[15,3,1,4],"texture":"#all","cullface":"down","rotation":180},"down":{"uv":[1,3,15,4],"texture":"#all","cullface":"down"}}},{"from":[5,0,6],"to":[11,1,10],"faces":{"north":{"uv":[5,9,11,10],"texture":"#all","cullface":"down","rotation":180},"east":{"uv":[10,6,11,10],"texture":"#all","cullface":"down","rotation":270},"south":{"uv":[5,6,11,7],"texture":"#all","cullface":"down"},"west":{"uv":[5,6,6,10],"texture":"#all","cullface":"down","rotation":90},"up":{"uv":[11,6,5,10],"texture":"#all","cullface":"down","rotation":180},"down":{"uv":[5,6,11,10],"texture":"#all","cullface":"down"}}},{"from":[7,0,5],"to":[9,1,6],"faces":{"up":{"uv":[9,10,7,11],"texture":"#all","cullface":"down","rotation":180},"down":{"uv":[7,10,9,11],"texture":"#all","cullface":"down"}}},{"from":[3,0,6],"to":[4,1,7],"faces":{"north":{"uv":[3,9,4,10],"texture":"#all","cullface":"down","rotation":180},"east":{"uv":[3,9,4,10],"texture":"#all","cullface":"down","rotation":270},"south":{"uv":[3,9,4,10],"texture":"#all","cullface":"down"},"up":{"uv":[4,9,3,10],"texture":"#all","cullface":"down","rotation":180},"down":{"uv":[3,9,4,10],"texture":"#all","cullface":"down"}}},{"from":[12,0,6],"to":[13,1,7],"faces":{"north":{"uv":[12,9,13,10],"texture":"#all","cullface":"down","rotation":180},"south":{"uv":[12,9,13,10],"texture":"#all","cullface":"down"},"west":{"uv":[12,9,13,10],"texture":"#all","cullface":"down","rotation":90},"up":{"uv":[13,9,12,10],"texture":"#all","cullface":"down","rotation":180},"down":{"uv":[12,9,13,10],"texture":"#all","cullface":"down"}}},{"from":[12,0,10],"to":[15,1,12],"faces":{"north":{"uv":[12,5,15,6],"texture":"#all","cullface":"down","rotation":180},"west":{"uv":[12,4,13,6],"texture":"#all","cullface":"down","rotation":90},"up":{"uv":[15,4,12,6],"texture":"#all","cullface":"down","rotation":180},"down":{"uv":[12,4,15,6],"texture":"#all","cullface":"down"}}},{"from":[1,0,10],"to":[4,1,12],"faces":{"north":{"uv":[1,5,4,6],"texture":"#all","cullface":"down","rotation":180},"east":{"uv":[3,4,4,6],"texture":"#all","cullface":"down","rotation":270},"up":{"uv":[4,4,1,6],"texture":"#all","cullface":"down","rotation":180},"down":{"uv":[1,4,4,6],"texture":"#all","cullface":"down"}}},{"from":[5,0,14],"to":[6,1,15],"faces":{"north":{"uv":[5,1,6,2],"texture":"#all","cullface":"down","rotation":180},"west":{"uv":[5,1,6,2],"texture":"#all","cullface":"down","rotation":90},"up":{"uv":[6,1,5,2],"texture":"#all","cullface":"down","rotation":180},"down":{"uv":[5,1,6,2],"texture":"#all","cullface":"down"}}},{"from":[10,0,14],"to":[11,1,15],"faces":{"north":{"uv":[10,1,11,2],"texture":"#all","cullface":"down","rotation":180},"east":{"uv":[10,1,11,2],"texture":"#all","cullface":"down","rotation":270},"up":{"uv":[11,1,10,2],"texture":"#all","cullface":"down","rotation":180},"down":{"uv":[10,1,11,2],"texture":"#all","cullface":"down"}}},{"from":[6,0,1],"to":[7,1,15],"faces":{"east":{"uv":[6,1,7,15],"texture":"#all","cullface":"down","rotation":270},"west":{"uv":[6,1,7,15],"texture":"#all","cullface":"down","rotation":90},"up":{"uv":[7,1,6,15],"texture":"#all","cullface":"down","rotation":180},"down":{"uv":[6,1,7,15],"texture":"#all","cullface":"down"}}},{"from":[9,0,1],"to":[10,1,15],"faces":{"east":{"uv":[9,1,10,15],"texture":"#all","cullface":"down","rotation":270},"west":{"uv":[9,1,10,15],"texture":"#all","cullface":"down","rotation":90},"up":{"uv":[10,1,9,15],"texture":"#all","cullface":"down","rotation":180},"down":{"uv":[9,1,10,15],"texture":"#all","cullface":"down"}}},{"from":[13,0,1],"to":[14,1,15],"faces":{"east":{"uv":[13,1,14,15],"texture":"#all","cullface":"down","rotation":270},"west":{"uv":[13,1,14,15],"texture":"#all","cullface":"down","rotation":90},"up":{"uv":[14,1,13,15],"texture":"#all","cullface":"down","rotation":180},"down":{"uv":[13,1,14,15],"texture":"#all","cullface":"down"}}}]}